﻿id,drink_id,language,name,primary
1,1,0,オレンジブロッサム,TRUE
2,1,1,Orange Blossom,TRUE
3,1,2,橙花,TRUE
4,2,0,ギムレット,TRUE
5,2,1,Gimlet,TRUE
6,2,2,螺丝锥,TRUE
7,3,0,シンガポールスリング,TRUE
8,3,1,Singapore Sling,TRUE
9,3,2,新加坡司令,TRUE
10,4,0,ジントニック,TRUE
11,4,1,Gin tonic,TRUE
12,4,2,杜松子酒补品,TRUE
13,5,0,トリプルシトラスジントニック,TRUE
14,5,1,Triple Citrus Gin Tonic,TRUE
15,5,2,三重柑橘杜松子酒滋补品,TRUE
16,6,0,ホワイトレディ,TRUE
17,6,1,White lady,TRUE
18,6,2,白女士,TRUE
19,7,0,マティーニ,TRUE
20,7,1,Martini,TRUE
21,7,2,马蒂尼鸡尾酒,TRUE
22,8,0,ミスティアマティーニ,TRUE
23,8,1,Mistya Martini,TRUE
24,8,2,Mistya Martini,TRUE
25,9,0,アラウンドザワールド,TRUE
26,9,1,Around The World,TRUE
27,9,2,环游世界,TRUE
28,10,0,オータムリーブス,TRUE
29,10,1,Autumn Leaves,TRUE
30,10,2,秋叶,TRUE
31,11,0,キッスインザダーク,TRUE
32,11,1,Kiss In the Dark,TRUE
33,11,2,亲吻在黑暗中,TRUE
34,12,0,ギブソン,TRUE
35,12,1,Gibson,TRUE
36,12,2,吉布森,TRUE
37,13,0,シルバーストリーク,TRUE
38,13,1,Silver streak,TRUE
39,13,2,银色连胜,TRUE
40,14,0,ジャングル,TRUE
41,14,1,jungle,TRUE
42,14,2,丛林,TRUE
43,15,0,ジンバック,TRUE
44,15,1,Jim Buck,TRUE
45,15,2,吉姆巴克,TRUE
46,16,0,ジンフィズ,TRUE
47,16,1,Jinfiz,TRUE
48,16,2,Jinfizu,TRUE
49,17,0,ジンリッキー,TRUE
50,17,1,Jin Ricky,TRUE
51,17,2,Jin Ricky,TRUE
52,18,0,スプリングオペラ,TRUE
53,18,1,Spring Opera,TRUE
54,18,2,春季歌剧,TRUE
55,19,0,タンゴ,TRUE
56,19,1,Tango,TRUE
57,19,2,探戈舞,TRUE
58,20,0,チョコレートギムレット,TRUE
59,20,1,Chocolate Gimlet,TRUE
60,20,2,巧克力手钻,TRUE
61,21,0,チョコレートスリング,TRUE
62,21,1,Chocolate sling,TRUE
63,21,2,巧克力吊带,TRUE
64,22,0,２４トニック,TRUE
65,22,1,24 tonic,TRUE
66,22,2,24补品,TRUE
67,23,0,２４マティーニ,TRUE
68,23,1,24 Martini,TRUE
69,23,2,24马提尼,TRUE
70,24,0,トムコリンズ,TRUE
71,24,1,Tom Collins,TRUE
72,24,2,汤姆柯林斯,TRUE
73,25,0,パラダイス,TRUE
74,25,1,Paradise,TRUE
75,25,2,天堂,TRUE
76,26,0,パリジャン,TRUE
77,26,1,Parisian,TRUE
78,26,2,巴黎的,TRUE
79,27,0,ピンクレディ,TRUE
80,27,1,Pink Lady,TRUE
81,27,2,粉红女郎,TRUE
82,28,0,フレンチ７５,TRUE
83,28,1,French 75,TRUE
84,28,2,法国75,TRUE
85,29,0,ブルームーン,TRUE
86,29,1,blue Moon,TRUE
87,29,2,蓝月亮,TRUE
88,30,0,ブロンクス,TRUE
89,30,1,Bronx,TRUE
90,30,2,布朗克斯,TRUE
91,31,0,プリンセスメアリー,TRUE
92,31,1,Princess Mary,TRUE
93,31,2,玛丽公主,TRUE
94,32,0,ミリオンダラー,TRUE
95,32,1,Million dollar,TRUE
96,32,2,百万美元,TRUE
97,33,0,ルシアン,TRUE
98,33,1,Lucian,TRUE
99,33,2,卢西恩,TRUE
100,34,0,ロングアイランドアイスティー,TRUE
101,34,1,Long Island Ice Tea,TRUE
102,34,2,长岛冰茶,TRUE
103,35,0,エルドール,TRUE
104,35,1,Eldor,TRUE
105,35,2,Erudoru,TRUE
106,36,0,セレブリティーニ,TRUE
107,36,1,Celebration,TRUE
108,36,2,名人2,TRUE
109,37,0,ソルティドッグ,TRUE
110,37,1,Salty Dog,TRUE
111,37,2,咸狗,TRUE
112,38,0,モスコーミュール,TRUE
113,38,1,Moscowur,TRUE
114,38,2,莫斯科骡子,TRUE
115,39,0,ウォッカトニック,TRUE
116,39,1,Vodka Tonic,TRUE
117,39,2,伏特加滋补品,TRUE
118,40,0,ウォッカマティーニ,TRUE
119,40,1,Vodka Martini,TRUE
120,40,2,伏特加马丁尼,TRUE
121,41,0,ウォッカリッキー,TRUE
122,41,1,Vodka Rickey,TRUE
123,41,2,伏特加Rickey,TRUE
124,42,0,オーロラ,TRUE
125,42,1,Aurora,TRUE
126,42,2,极光,TRUE
127,43,0,カイピロスカ,TRUE
128,43,1,Kaipirosca,TRUE
129,43,2,Kaipirosuka,TRUE
130,44,0,カミカゼ,TRUE
131,44,1,Kamikaze,TRUE
132,44,2,神风,TRUE
133,45,0,キッスオブファイヤー,TRUE
134,45,1,Kids of Fire,TRUE
135,45,2,孩子们的火,TRUE
136,46,0,コスモポリタン,TRUE
137,46,1,cosmopolitan,TRUE
138,46,2,丽都,TRUE
139,47,0,ゴッドマザー,TRUE
140,47,1,God Mother,TRUE
141,47,2,上帝之母,TRUE
142,48,0,シーブリーズ,TRUE
143,48,1,Sea Breeze,TRUE
144,48,2,海风,TRUE
145,49,0,スクリュードライバー,TRUE
146,49,1,screwdriver,TRUE
147,49,2,螺丝刀,TRUE
148,50,0,チチ,TRUE
149,50,1,Chiti,TRUE
150,50,2,集集,TRUE
151,51,0,チョコティーニ,TRUE
152,51,1,Chocotini,TRUE
153,51,2,巧克力蒂尼,TRUE
154,52,0,トロイカ,TRUE
155,52,1,Troika,TRUE
156,52,2,三驾马车,TRUE
157,53,0,バラライカ,TRUE
158,53,1,Balalaika,TRUE
159,53,2,巴拉莱卡,TRUE
160,54,0,ビッグアップル,TRUE
161,54,1,Big Apple,TRUE
162,54,2,大苹果,TRUE
163,55,0,ブラックルシアン,TRUE
164,55,1,Black Lucien,TRUE
165,55,2,黑色吕西安,TRUE
166,56,0,ブラッディブル,TRUE
167,56,1,Bloody bull,TRUE
168,56,2,血腥的公牛,TRUE
169,57,0,ブラッディメアリー,TRUE
170,57,1,Bloody Mary,TRUE
171,57,2,血腥的玛丽,TRUE
172,58,0,ブルーラグーン,TRUE
173,58,1,Blue Lagoon,TRUE
174,58,2,蓝色泻湖,TRUE
175,59,0,ブルショット,TRUE
176,59,1,Bull shot,TRUE
177,59,2,公牛出手,TRUE
178,60,0,ホワイトルシアン,TRUE
179,60,1,White Lucian,TRUE
180,60,2,白卢西恩,TRUE
181,61,0,ミドリマティーニ,TRUE
182,61,1,Midoritomini,TRUE
183,61,2,格林尼,TRUE
184,62,0,メロンボール,TRUE
185,62,1,Melon ball,TRUE
186,62,2,甜瓜球,TRUE
187,63,0,モーツァルトチョコレートマティーニ,TRUE
188,63,1,Mozart chocolate martini,TRUE
189,63,2,莫扎特巧克力马提尼,TRUE
190,64,0,雪国,TRUE
191,64,1,Snow country,TRUE
192,64,2,雪国,TRUE
193,65,0,吉野,TRUE
194,65,1,Yoshino,TRUE
195,65,2,吉野,TRUE
196,66,0,ルシアン,TRUE
197,66,1,Lucian,TRUE
198,66,2,卢西恩,TRUE
199,67,0,ルジェアップルティーニ,TRUE
200,67,1,Rouge apple Tini,TRUE
201,67,2,胭脂苹果蒂尼,TRUE
202,68,0,レッドバード,TRUE
203,68,1,Red bird,TRUE
204,68,2,红鸟,TRUE
205,69,0,ロングアイランドアイスティー,TRUE
206,69,1,Long Island Ice Tea,TRUE
207,69,2,长岛冰茶,TRUE
208,70,0,マルガリータ,TRUE
209,70,1,Margarita,TRUE
210,70,2,玛格丽塔,TRUE
211,71,0,エルディアブロ,TRUE
212,71,1,El Diablo,TRUE
213,71,2,El Diablo,TRUE
214,72,0,カシスショット,TRUE
215,72,1,Cassis shot,TRUE
216,72,2,卡西斯射击,TRUE
217,73,0,サウザショットガン,TRUE
218,73,1,Southern shotgun,TRUE
219,73,2,南方霰弹枪,TRUE
220,74,0,ジキル博士,TRUE
221,74,1,Dr. Jekyll,TRUE
222,74,2,杰基尔博士,TRUE
223,75,0,チョコレートマルガリータ,TRUE
224,75,1,Chocolate Margarita,TRUE
225,75,2,巧克力玛格丽塔,TRUE
226,76,0,テキーラサンライズ,TRUE
227,76,1,Tequila Sunrise,TRUE
228,76,2,龙舌兰日出,TRUE
229,77,0,テコニック,TRUE
230,77,1,TECONIC,TRUE
231,77,2,Tekonikku,TRUE
232,78,0,トレスコスモポリタン,TRUE
233,78,1,Tres Cosmopolitan,TRUE
234,78,2,Tres Cosmopolitan,TRUE
235,79,0,トレスマティーニ,TRUE
236,79,1,Tres Martini,TRUE
237,79,2,特雷斯马蒂尼,TRUE
238,80,0,パロマ,TRUE
239,80,1,Paloma,TRUE
240,80,2,帕洛玛,TRUE
241,81,0,ピニャコラーダ,TRUE
242,81,1,Pinha Colada,TRUE
243,81,2,Pinha Colada,TRUE
244,82,0,フローズンブルーマルガリータ,TRUE
245,82,1,Frozen Blue Margarita,TRUE
246,82,2,冷冻蓝玛格丽塔,TRUE
247,83,0,フローズンストロベリーマルガリータ,TRUE
248,83,1,Frozen strawberry margarita,TRUE
249,83,2,冷冻草莓玛格丽塔酒,TRUE
250,84,0,フローズンミドリマルガリータ,TRUE
251,84,1,Frozen Midori Margarita,TRUE
252,84,2,冷冻Midori玛格丽塔,TRUE
253,85,0,ブレイブブル,TRUE
254,85,1,Brave Bull,TRUE
255,85,2,勇敢的公牛,TRUE
256,86,0,マタドール,TRUE
257,86,1,Matador,TRUE
258,86,2,斗牛士,TRUE
259,87,0,ミドリショット,TRUE
260,87,1,Midori shot,TRUE
261,87,2,米多利射门,TRUE
262,88,0,モッキンバード,TRUE
263,88,1,Mockingbird,TRUE
264,88,2,只知更鸟,TRUE
265,89,0,ロングアイランドアイスティー,TRUE
266,89,1,Long Island Ice Tea,TRUE
267,89,2,长岛冰茶,TRUE
268,90,0,カクタスフラワー,TRUE
269,90,1,Cactus flower,TRUE
270,90,2,仙人掌花,TRUE
271,91,0,サウザファームサワーオレンジ,TRUE
272,91,1,Sauza Farm Sour Orange,TRUE
273,91,2,Sauza Farm酸橙,TRUE
274,92,0,サウザファームサワーきゅうり＆レモン,TRUE
275,92,1,Sauza Farm Sour Cucumber & Lemon,TRUE
276,92,2,Sauza农场酸黄瓜和柠檬,TRUE
277,93,0,サウザファームサワーグレープフルーツ,TRUE
278,93,1,Sauza Farm Sour Grapefruit,TRUE
279,93,2,Sauza Farm酸葡萄柚,TRUE
280,94,0,サウザファームサワートマト,TRUE
281,94,1,Sauza Farm Sour Tomato,TRUE
282,94,2,Sauza农场酸番茄,TRUE
283,95,0,サウザファームサワーパクチーライム,TRUE
284,95,1,Sauza Farm Sour Pakuti Lime,TRUE
285,95,2,Sauza Farm Sour Pakuti Lime,TRUE
286,96,0,サウザファームサワーライム,TRUE
287,96,1,Thousand Farm Sour Lime,TRUE
288,96,2,千农酸橙,TRUE
289,97,0,サウザファームサワーレモン,TRUE
290,97,1,Sauza Farm Sour lemon,TRUE
291,97,2,Sauza Farm酸柠檬,TRUE
292,98,0,サウザブルーギムレットソーダ,TRUE
293,98,1,Sauza Blue Gimlet Soda,TRUE
294,98,2,Sauza Blue Gimlet苏打水,TRUE
295,99,0,サウザブルーマルガリータソーダ,TRUE
296,99,1,Sauza Blue Margarita Soda,TRUE
297,99,2,Sauza Blue玛格丽塔苏打水,TRUE
298,100,0,サウザブルートニック,TRUE
299,100,1,Sauza Blue Tonic,TRUE
300,100,2,Sauza Blue Tonic,TRUE
301,101,0,ダイキリ,TRUE
302,101,1,Daikiri,TRUE
303,101,2,代基里酒,TRUE
304,102,0,ネバダ,TRUE
305,102,1,Nevada,TRUE
306,102,2,内华达,TRUE
307,103,0,モヒート,TRUE
308,103,1,Mojito,TRUE
309,103,2,莫吉托,TRUE
310,104,0,アンダルシア,TRUE
311,104,1,Andalusia,TRUE
312,104,2,安达卢西亚,TRUE
313,105,0,イスラデピノス,TRUE
314,105,1,Isladepinos,TRUE
315,105,2,Isuradepinosu,TRUE
316,106,0,エックスワイジー,TRUE
317,106,1,X Waisie,TRUE
318,106,2,X外丝,TRUE
319,107,0,エルプレジデンテ,TRUE
320,107,1,El Presidentin,TRUE
321,107,2,El Presidentin,TRUE
322,108,0,キューバリブレ,TRUE
323,108,1,Cuba Libre,TRUE
324,108,2,古巴自由,TRUE
325,109,0,グリーンアイズ,TRUE
326,109,1,Green eyes,TRUE
327,109,2,绿眼睛,TRUE
328,110,0,コルコバード,TRUE
329,110,1,Corcovado,TRUE
330,110,2,科尔科瓦,TRUE
331,111,0,スカイダイビング,TRUE
332,111,1,sky diving,TRUE
333,111,2,高空跳伞,TRUE
334,112,0,スコーピオン,TRUE
335,112,1,Scorpion,TRUE
336,112,2,蝎,TRUE
337,113,0,チョココラーダ,TRUE
338,113,1,Choco Colada,TRUE
339,113,2,Choco Colada,TRUE
340,114,0,チョコレートダイキリ,TRUE
341,114,1,Chocolate daiquiri,TRUE
342,114,2,巧克力代基里酒,TRUE
343,115,0,チョコレートプランターズパンチ,TRUE
344,115,1,Chocolate planters punch,TRUE
345,115,2,巧克力种植者打孔,TRUE
346,116,0,チョコレートモヒート,TRUE
347,116,1,Chocolate mojito,TRUE
348,116,2,巧克力莫吉托,TRUE
349,117,0,トムアンドジェリー,TRUE
350,117,1,Tom and Jerry,TRUE
351,117,2,汤姆和杰瑞,TRUE
352,118,0,パナマ,TRUE
353,118,1,Panama,TRUE
354,118,2,巴拿马,TRUE
355,119,0,ビトウィーンザシーツ,TRUE
356,119,1,Betweens The Sheets,TRUE
357,119,2,表格之间,TRUE
358,120,0,フローズンバナナダイキリ,TRUE
359,120,1,Frozen Banana Daikiri,TRUE
360,120,2,冷冻香蕉代基里,TRUE
361,121,0,ブルーハワイ,TRUE
362,121,1,Blue Hawaii,TRUE
363,121,2,蓝色夏威夷,TRUE
364,122,0,ホットバタードラム,TRUE
365,122,1,Hot butter drum,TRUE
366,122,2,热黄油鼓,TRUE
367,123,0,マイアミ,TRUE
368,123,1,Miami,TRUE
369,123,2,迈阿密,TRUE
370,124,0,マイタイ,TRUE
371,124,1,Mytai,TRUE
372,124,2,埋汰,TRUE
373,125,0,ロングアイランドアイスティー,TRUE
374,125,1,Long Island Ice Tea,TRUE
375,125,2,长岛冰茶,TRUE
376,126,0,カリビアンドリーム,TRUE
377,126,1,Caribbean Dream,TRUE
378,126,2,加勒比梦想,TRUE
379,127,0,ブラックトルネード-黒い竜巻-,TRUE
380,127,1,Black Tornado - Black Tornado -,TRUE
381,127,2,黑色龙卷风 - 黑色龙卷风 -,TRUE
382,128,0,ムーニーオレ,TRUE
383,128,1,Mooney Ole,TRUE
384,128,2,穆尼奥莱,TRUE
385,129,0,エメラルドスプリッツアー,TRUE
386,129,1,Emerald Sprit Tour,TRUE
387,129,2,翡翠精灵之旅,TRUE
388,130,0,カルーアミルク,TRUE
389,130,1,Kalua milk,TRUE
390,130,2,Kalua牛奶,TRUE
391,131,0,キールアンペリアル,TRUE
392,131,1,Kiel Imperial,TRUE
393,131,2,基尔帝国,TRUE
394,132,0,キールロワイヤル,TRUE
395,132,1,Kiel Royale,TRUE
396,132,2,基尔皇家,TRUE
397,133,0,ストロベリーミルク,TRUE
398,133,1,Strawberry Milk,TRUE
399,133,2,草莓牛奶,TRUE
400,134,0,チャイナブルー,TRUE
401,134,1,China Blue,TRUE
402,134,2,中国蓝,TRUE
403,135,0,ティフィンモヒート,TRUE
404,135,1,Tiffin mojito,TRUE
405,135,2,蒂芬莫吉托,TRUE
406,136,0,ビターカルーアミルク,TRUE
407,136,1,Bitter Kalua Milk,TRUE
408,136,2,苦瓜卡鲁阿牛奶,TRUE
409,137,0,ファジーネーブル,TRUE
410,137,1,Fuzzy group,TRUE
411,137,2,模糊组,TRUE
412,138,0,ホットカルーアミルク,TRUE
413,138,1,Hot kalua milk,TRUE
414,138,2,热卡鲁阿牛奶,TRUE
415,139,0,マリブリッキー,TRUE
416,139,1,Malibu Ricky,TRUE
417,139,2,Malibu Ricky,TRUE
418,140,0,マリブコーラ,TRUE
419,140,1,Malibucoa,TRUE
420,140,2,Maribukora,TRUE
421,141,0,マリブサーフ,TRUE
422,141,1,Malibu Soushu,TRUE
423,141,2,Malibu Soushu,TRUE
424,142,0,マリブパイン,TRUE
425,142,1,Malibu Pine,TRUE
426,142,2,马里布松,TRUE
427,143,0,マリブモヒート,TRUE
428,143,1,Malibu mojito,TRUE
429,143,2,Malibu mojito,TRUE
430,144,0,マンゴヤンオレンジ,TRUE
431,144,1,Mango Yang Orange,TRUE
432,144,2,芒果杨橙,TRUE
433,145,0,マンゴヤンモヒート,TRUE
434,145,1,Mango Yang mo moat,TRUE
435,145,2,芒果杨mo护城河,TRUE
436,146,0,ミスティアオンザロック,TRUE
437,146,1,Misty on the rock,TRUE
438,146,2,朦胧的岩石,TRUE
439,147,0,ミスティアロワイヤル,TRUE
440,147,1,Mistyre Royale,TRUE
441,147,2,Mistyre Royale,TRUE
442,148,0,ミスティアゴールドスパーク,TRUE
443,148,1,Mistya Gold Spark,TRUE
444,148,2,Mistya Gold Spark,TRUE
445,149,0,ミスティアペリエ,TRUE
446,149,1,Misty Perrier,TRUE
447,149,2,Misty Perrier,TRUE
448,150,0,ミスティアマティーニ,TRUE
449,150,1,Mistya Martini,TRUE
450,150,2,Mistya Martini,TRUE
451,151,0,ミドリリッキー,TRUE
452,151,1,Midori Rickey,TRUE
453,151,2,Midori Rickey,TRUE
454,152,0,ミドリモヒート,TRUE
455,152,1,Midori mojito,TRUE
456,152,2,Midori mojito,TRUE
457,153,0,ヨーグリートオレンジ,TRUE
458,153,1,Yogriato Orange,TRUE
459,153,2,Yogriato Orange,TRUE
460,154,0,ルジェカシスリッキー,TRUE
461,154,1,Rugen Cassis Rickey,TRUE
462,154,2,鲁根卡西斯Rickey,TRUE
463,155,0,ルジェペシェリッキー,TRUE
464,155,1,Rouge Peche Ricky,TRUE
465,155,2,Rouge Peche Ricky,TRUE
466,156,0,ルジェアップルソーダ,TRUE
467,156,1,Rouge apple soda,TRUE
468,156,2,胭脂苹果苏打水,TRUE
469,157,0,ルジェアプリコットオレンジ,TRUE
470,157,1,Ruge apricot orange,TRUE
471,157,2,Ruge杏橙,TRUE
472,158,0,ルジェカシスオレンジ,TRUE
473,158,1,Rouge Cassis Orange,TRUE
474,158,2,胭脂黑醋栗,TRUE
475,159,0,ルジェカシスグレープフルーツ,TRUE
476,159,1,Rouge cassis grapefruit,TRUE
477,159,2,胭脂黑醋栗葡萄柚,TRUE
478,160,0,ルジェカシスソーダ,TRUE
479,160,1,Rudge cassis soda,TRUE
480,160,2,拉奇黑醋栗苏打水,TRUE
481,161,0,ルジェカシスティー,TRUE
482,161,1,RUGER CASSISTY,TRUE
483,161,2,RUGER CASSISTY,TRUE
484,162,0,ルジェカシスミルク,TRUE
485,162,1,Rugen cassis milk,TRUE
486,162,2,乳酸黑醋栗,TRUE
487,163,0,ルジェカシスモヒート,TRUE
488,163,1,RUGER Cassis mojito,TRUE
489,163,2,RUGER卡西斯莫吉托,TRUE
490,164,0,ルジェカルテットオレンジ,TRUE
491,164,1,Ruge Quartet Orange,TRUE
492,164,2,Ruge四重奏橙色,TRUE
493,165,0,ルジェストロベリーソーダ,TRUE
494,165,1,Ruge Strawberry Soda,TRUE
495,165,2,Ruge草莓苏打水,TRUE
496,166,0,ルジェブルーベリーミルク,TRUE
497,166,1,Rouge Blueberry Milk,TRUE
498,166,2,胭脂蓝莓牛奶,TRUE
499,167,0,アップルカー,TRUE
500,167,1,Apple car,TRUE
501,167,2,苹果车,TRUE
502,168,0,アップルロワイヤル,TRUE
503,168,1,Apple Royale,TRUE
504,168,2,Apple Royale,TRUE
505,169,0,アプリコットコラーダ,TRUE
506,169,1,Apricot Colada,TRUE
507,169,2,杏子Colada,TRUE
508,170,0,アプリコットフィズ,TRUE
509,170,1,Apricot fizz,TRUE
510,170,2,杏子发出嘶嘶声,TRUE
511,171,0,アプリコットロワイヤル,TRUE
512,171,1,Apricot Royale,TRUE
513,171,2,杏子皇家,TRUE
514,172,0,アレキサンダー,TRUE
515,172,1,Alexander,TRUE
516,172,2,亚历山大,TRUE
517,173,0,イエーガーオレンジ,TRUE
518,173,1,Jaeger Orange,TRUE
519,173,2,耶格橙,TRUE
520,174,0,イエーガーシューター,TRUE
521,174,1,Jaeger Shooter,TRUE
522,174,2,Jaeger Shooter,TRUE
523,175,0,イエーガートニック,TRUE
524,175,1,Jaeger tonic,TRUE
525,175,2,耶格补品,TRUE
526,176,0,イタリアンサーファー,TRUE
527,176,1,Italian surfer,TRUE
528,176,2,意大利冲浪者,TRUE
529,177,0,ウンダーベルクソーダ,TRUE
530,177,1,UNDERBERG Soda,TRUE
531,177,2,UNDERBERG苏打水,TRUE
532,178,0,エックスワイジー,TRUE
533,178,1,X Waisie,TRUE
534,178,2,X外丝,TRUE
535,179,0,エメラルドミスト,TRUE
536,179,1,Emerald Mist,TRUE
537,179,2,翡翠雾,TRUE
538,180,0,オーガズム,TRUE
539,180,1,orgasm,TRUE
540,180,2,性高潮,TRUE
541,181,0,オーロラ,TRUE
542,181,1,Aurora,TRUE
543,181,2,极光,TRUE
544,182,0,オリンピック,TRUE
545,182,1,Olympic,TRUE
546,182,2,奥林匹克,TRUE
547,183,0,カフェショコラミルク,TRUE
548,183,1,Cafe Chocolate Milk,TRUE
549,183,2,Cafe巧克力牛奶,TRUE
550,184,0,カミカゼ,TRUE
551,184,1,Kamikaze,TRUE
552,184,2,神风,TRUE
553,185,0,カルーアウーロン,TRUE
554,185,1,Kahlua oolong,TRUE
555,185,2,Kahlua乌龙茶,TRUE
556,186,0,カルーアオレンジ,TRUE
557,186,1,Kalua Orange,TRUE
558,186,2,Kalua Orange,TRUE
559,187,0,カルーアコーラ,TRUE
560,187,1,Kalua cola,TRUE
561,187,2,Kalua可乐,TRUE
562,188,0,カルーアコラーダ,TRUE
563,188,1,Kalua Colada,TRUE
564,188,2,Kalua Colada,TRUE
565,189,0,カルーアソーダ,TRUE
566,189,1,Kalua soda,TRUE
567,189,2,Kalua苏打水,TRUE
568,190,0,カルーアベリー,TRUE
569,190,1,Kalua berry,TRUE
570,190,2,Kalua浆果,TRUE
571,191,0,カルーアラテ,TRUE
572,191,1,Kaloallate,TRUE
573,191,2,Karuarate,TRUE
574,192,0,カルーアリッキー,TRUE
575,192,1,Kalua Rickey,TRUE
576,192,2,Kalua Rickey,TRUE
577,193,0,キール,TRUE
578,193,1,keel,TRUE
579,193,2,龙骨,TRUE
580,194,0,キッスインザダーク,TRUE
581,194,1,Kiss In the Dark,TRUE
582,194,2,亲吻在黑暗中,TRUE
583,195,0,キングピーター,TRUE
584,195,1,King Peter,TRUE
585,195,2,彼得国王,TRUE
586,196,0,クールビューティー～清涼美～,TRUE
587,196,1,Cool Beauty ~ Refreshing Beauty ~,TRUE
588,196,2,酷美〜清爽美〜,TRUE
589,197,0,グラスホッパー,TRUE
590,197,1,Grasshopper,TRUE
591,197,2,蚱蜢,TRUE
592,198,0,グリーンアイズ,TRUE
593,198,1,Green eyes,TRUE
594,198,2,绿眼睛,TRUE
595,199,0,コルコバード,TRUE
596,199,1,Corcovado,TRUE
597,199,2,科尔科瓦,TRUE
598,200,0,ゴールデンアップル,TRUE
599,200,1,Golden Apple,TRUE
600,200,2,金苹果,TRUE
601,201,0,ゴールデンデイズ,TRUE
602,201,1,Golden Days,TRUE
603,201,2,黄金日,TRUE
604,202,0,サザンウィンド～南国からの便り～,TRUE
605,202,1,Southern Wind ~ Letters from Tropical South ~,TRUE
606,202,2,南风〜热带南方的来信〜,TRUE
607,203,0,ストロベリーロワイヤル,TRUE
608,203,1,Strawberry Royale,TRUE
609,203,2,草莓皇家,TRUE
610,204,0,セックスオンザビーチ,TRUE
611,204,1,Sex on the beach,TRUE
612,204,2,性在海滩上,TRUE
613,205,0,ダーティーマザー,TRUE
614,205,1,Dirty Mother,TRUE
615,205,2,肮脏的母亲,TRUE
616,206,0,チェリーブロッサム,TRUE
617,206,1,Cherry Blossom,TRUE
618,206,2,樱花,TRUE
619,207,0,チボリスペシャル,TRUE
620,207,1,Tivoli special,TRUE
621,207,2,Tivoli特别,TRUE
622,208,0,チョコカシスソーダ,TRUE
623,208,1,Chocolate cassis soda,TRUE
624,208,2,巧克力黑醋栗苏打水,TRUE
625,209,0,チョコレートサワー,TRUE
626,209,1,Chocolate sour,TRUE
627,209,2,巧克力酸,TRUE
628,210,0,ティフィンオレンジ,TRUE
629,210,1,Tiffin orange,TRUE
630,210,2,蒂芬橙,TRUE
631,211,0,ティフィンカシスティー,TRUE
632,211,1,Tiffin Cassis tea,TRUE
633,211,2,Tiffin卡西斯茶,TRUE
634,212,0,ティフィンミルク,TRUE
635,212,1,Tiffin Milk,TRUE
636,212,2,蒂芬牛奶,TRUE
637,213,0,ティフィンレモンソーダ,TRUE
638,213,1,Tiffin lemon soda,TRUE
639,213,2,蒂芬柠檬苏打水,TRUE
640,214,0,トロイカ,TRUE
641,214,1,Troika,TRUE
642,214,2,三驾马车,TRUE
643,215,0,ドラマティックアロマ,TRUE
644,215,1,Dramatic aroma,TRUE
645,215,2,戏剧性的香气,TRUE
646,216,0,ドランブイオレンジシェーク,TRUE
647,216,1,Drambui Orange Shake,TRUE
648,216,2,Drambui Orange Shake,TRUE
649,217,0,ドランブイトニック,TRUE
650,217,1,Drambui tonic,TRUE
651,217,2,Drambui滋补品,TRUE
652,218,0,バレンシア,TRUE
653,218,1,Valencia,TRUE
654,218,2,瓦伦西亚,TRUE
655,219,0,パライソオレンジ,TRUE
656,219,1,Paraiso Orange,TRUE
657,219,2,Paraiso Orange,TRUE
658,220,0,パライソグレープフルーツ,TRUE
659,220,1,Paraiso grapefruit,TRUE
660,220,2,Paraiso葡萄柚,TRUE
661,221,0,ヒーリングトニック,TRUE
662,221,1,Healing tonic,TRUE
663,221,2,治疗补品,TRUE
664,222,0,ビトウィーンザシーツ,TRUE
665,222,1,Betweens The Sheets,TRUE
666,222,2,表格之间,TRUE
667,223,0,ピーチウーロン,TRUE
668,223,1,Peach oolong,TRUE
669,223,2,桃子乌龙茶,TRUE
670,224,0,フェアリーランド～おとぎの国～,TRUE
671,224,1,Fairyland - The Fairy Tale ~,TRUE
672,224,2,仙境 - 童话〜,TRUE
673,225,0,ブルーコラーダ,TRUE
674,225,1,Blue Colada,TRUE
675,225,2,蓝色科拉达,TRUE
676,226,0,ブルーベリーロワイヤル,TRUE
677,226,1,Blueberry Royale,TRUE
678,226,2,蓝莓皇家,TRUE
679,227,0,プルシアウィズペリエ,TRUE
680,227,1,Prussia with Perrier,TRUE
681,227,2,普鲁士与佩里耶,TRUE
682,228,0,プルシアロワイヤル,TRUE
683,228,1,Prussia Royale,TRUE
684,228,2,普鲁士皇家,TRUE
685,229,0,ベリーベリーミルク,TRUE
686,229,1,Berry Berry Milk,TRUE
687,229,2,Berry Berry Milk,TRUE
688,230,0,ベルベットハンマー,TRUE
689,230,1,Velvet hammer,TRUE
690,230,2,天鹅绒锤,TRUE
691,231,0,ホットモーツァルトミルク,TRUE
692,231,1,Hot Mozart Milk,TRUE
693,231,2,热莫扎特牛奶,TRUE
694,232,0,ホワイトアレキサンダー,TRUE
695,232,1,White Alexander,TRUE
696,232,2,白亚历山大,TRUE
697,233,0,ホワイトチョコミルク,TRUE
698,233,1,White chocolate milk,TRUE
699,233,2,白巧克力牛奶,TRUE
700,234,0,ホワイトモーツァルトミント,TRUE
701,234,1,White Mozart Mint,TRUE
702,234,2,白色莫扎特薄荷,TRUE
703,235,0,ボッチボール,TRUE
704,235,1,Botchball,TRUE
705,235,2,地掷球,TRUE
706,236,0,抹茶カルーアミルク,TRUE
707,236,1,Matcha Kalua Milk,TRUE
708,236,2,Matcha Kalua Milk,TRUE
709,237,0,マリブオレンジ,TRUE
710,237,1,Malibu Orange,TRUE
711,237,2,马里布橙,TRUE
712,238,0,マリブピニャコラーダ,TRUE
713,238,1,Malibu Pinha Colada,TRUE
714,238,2,Malibu Pinha Colada,TRUE
715,239,0,マリブミルク,TRUE
716,239,1,Malibu milk,TRUE
717,239,2,马里布牛奶,TRUE
718,240,0,マンゴヤンココパイン,TRUE
719,240,1,Mango Yang Coco Pine,TRUE
720,240,2,芒果杨可可松,TRUE
721,241,0,マンゴヤンミルク,TRUE
722,241,1,Mango Yang Milk,TRUE
723,241,2,芒果杨牛奶,TRUE
724,242,0,マンゴヤンラッシー,TRUE
725,242,1,Mango Yan Lassie,TRUE
726,242,2,Mango Yan Lassie,TRUE
727,243,0,ミドリイリュージョン,TRUE
728,243,1,Midori Illusion,TRUE
729,243,2,Midori幻觉,TRUE
730,244,0,ミドリコラーダ,TRUE
731,244,1,Midori Colada,TRUE
732,244,2,Midori Colada,TRUE
733,245,0,ミドリスプモーニ,TRUE
734,245,1,Midori Summoni,TRUE
735,245,2,Midori Summoni,TRUE
736,246,0,ミドリスプライス,TRUE
737,246,1,Midori Splice,TRUE
738,246,2,Midori Splice,TRUE
739,247,0,ミドリパッシュ,TRUE
740,247,1,Midori Pash,TRUE
741,247,2,Midori Pash,TRUE
742,248,0,ミドリミルク,TRUE
743,248,1,Midori milk,TRUE
744,248,2,Midori牛奶,TRUE
745,249,0,ミントフラッペ,TRUE
746,249,1,Mint flappe,TRUE
747,249,2,薄荷flappe,TRUE
748,250,0,モーツァルトアイスクリーム,TRUE
749,250,1,Mozart ice cream,TRUE
750,250,2,莫扎特冰淇淋,TRUE
751,251,0,モーツァルトチョコレートフラッペ,TRUE
752,251,1,Mozart Chocolate Frappe,TRUE
753,251,2,莫扎特巧克力冰沙,TRUE
754,252,0,ヨーグリートジンジャー,TRUE
755,252,1,Yogurato ginger,TRUE
756,252,2,Yogurato姜,TRUE
757,253,0,ヨーグリートソーダ,TRUE
758,253,1,Yogreen soda,TRUE
759,253,2,Yogreen苏打水,TRUE
760,254,0,ヨーグリートパイン,TRUE
761,254,1,Yogreen Pine,TRUE
762,254,2,Yogreen Pine,TRUE
763,255,0,ヨーグリートミルク,TRUE
764,255,1,Yogurato milk,TRUE
765,255,2,Yogurato牛奶,TRUE
766,256,0,ルジェアップルジンジャー,TRUE
767,256,1,Rouge apple ginger,TRUE
768,256,2,胭脂苹果姜,TRUE
769,257,0,ルジェカシスウーロン,TRUE
770,257,1,Ruge Cassis Oolong,TRUE
771,257,2,Ruge Cassis Oolong,TRUE
772,258,0,ルジェカシスコラーダ,TRUE
773,258,1,Rugen Cassis Colada,TRUE
774,258,2,鲁根卡西斯科拉达,TRUE
775,259,0,ルジェカルテットソーダ,TRUE
776,259,1,Ruge Quartet Soda,TRUE
777,259,2,Ruge四重奏苏打水,TRUE
778,260,0,ルジェストロベリーコラーダ,TRUE
779,260,1,Ruge Strawberry Colada,TRUE
780,260,2,Ruge草莓Colada,TRUE
781,261,0,ルジェフランボワーズグレープフルーツ,TRUE
782,261,1,Ruge Flambooise Grapefruit,TRUE
783,261,2,Ruge Flambooise葡萄柚,TRUE
784,262,0,ルジェペシェロワイヤル,TRUE
785,262,1,Rouge Peche Royale,TRUE
786,262,2,Rouge Peche Royale,TRUE
787,263,0,レッドライオン,TRUE
788,263,1,Red Lion,TRUE
789,263,2,红狮子,TRUE
790,264,0,ロイヤルカルテット,TRUE
791,264,1,Royal Quartet,TRUE
792,264,2,皇家四重奏,TRUE
793,265,0,ロングアイランドアイスティー,TRUE
794,265,1,Long Island Ice Tea,TRUE
795,265,2,长岛冰茶,TRUE
796,266,0,アップルショコラ,TRUE
797,266,1,Apple chocolat,TRUE
798,266,2,苹果巧克力,TRUE
799,267,0,アレンヌ～風のそよぎ～,TRUE
800,267,1,Allenne ~ Wind River,TRUE
801,267,2,Allenne~风河,TRUE
802,268,0,エルドール,TRUE
803,268,1,Eldor,TRUE
804,268,2,Erudoru,TRUE
805,269,0,カシスショコラコンシナモン,TRUE
806,269,1,Cassis chocolat Concinamon,TRUE
807,269,2,卡西斯巧克力Concinamon,TRUE
808,270,0,シトラスショコラ,TRUE
809,270,1,Citrus chocolat,TRUE
810,270,2,柑橘巧克力,TRUE
811,271,0,翠響庵（すいきょうあん）,TRUE
812,271,1,Tsuyoshian (Suiyo),TRUE
813,271,2,Tsuyoshian（Suiyo）,TRUE
814,272,0,ブラックベリーチョコカルーア,TRUE
815,272,1,Blackberry Chocolate Kalua,TRUE
816,272,2,黑莓巧克力Kalua,TRUE
817,273,0,プルシアンブロッサム,TRUE
818,273,1,Prussian Blossom,TRUE
819,273,2,普鲁士花,TRUE
820,274,0,モーツァルトカフェモカ,TRUE
821,274,1,Mozart Cafe Mocha,TRUE
822,274,2,Mozart Cafe Mocha,TRUE
823,275,0,モーツァルトショコラミルク,TRUE
824,275,1,Mozart Chocolate Milk,TRUE
825,275,2,莫扎特巧克力牛奶,TRUE
826,276,0,ルジェショコラトル,TRUE
827,276,1,Ruge chocolatlet,TRUE
828,276,2,Ruge chocolatlet,TRUE
829,277,0,アップルプラン,TRUE
830,277,1,Apple plan,TRUE
831,277,2,Apple计划,TRUE
832,278,0,カーディナル,TRUE
833,278,1,Cardinal,TRUE
834,278,2,枢机主教,TRUE
835,279,0,キール,TRUE
836,279,1,keel,TRUE
837,279,2,龙骨,TRUE
838,280,0,スプリッツァー,TRUE
839,280,1,Splitzer,TRUE
840,280,2,汽酒,TRUE
841,281,0,ルジェブルーベリースプリッツァー,TRUE
842,281,1,Rouge Blueberry Splitzer,TRUE
843,281,2,Rouge Blueberry Splitzer,TRUE
844,282,0,ワインクーラー,TRUE
845,282,1,Wine cooler,TRUE
846,282,2,酒柜,TRUE
847,283,0,レッドアイ,TRUE
848,283,1,Red eye,TRUE
849,283,2,红眼睛,TRUE
850,284,0,シャンデーガフ,TRUE
851,284,1,Chanddeiger,TRUE
852,284,2,Shandegafu,TRUE
853,285,0,パナシェ,TRUE
854,285,1,Panache,TRUE
855,285,2,鹭,TRUE
856,286,0,ブラックベルベット,TRUE
857,286,1,Black velvet,TRUE
858,286,2,黑色天鹅绒,TRUE
859,287,0,アイリッシュコーヒー,TRUE
860,287,1,Irish coffee,TRUE
861,287,2,爱尔兰咖啡,TRUE
862,288,0,アルカポネ,TRUE
863,288,1,Alpone,TRUE
864,288,2,铝卡波恩,TRUE
865,289,0,ウイスキークラッシュ,TRUE
866,289,1,Whiskey crush,TRUE
867,289,2,威士忌美眉,TRUE
868,290,0,ウイスキーソーダ,TRUE
869,290,1,Whiskey soda,TRUE
870,290,2,威士忌苏打水,TRUE
871,291,0,ウイスキーフロート,TRUE
872,291,1,Whiskey float,TRUE
873,291,2,威士忌漂浮,TRUE
874,292,0,オールドファッションド,TRUE
875,292,1,Old fashioned,TRUE
876,292,2,老式的,TRUE
877,293,0,コットンフラワー,TRUE
878,293,1,Cotton Flower,TRUE
879,293,2,棉花,TRUE
880,294,0,ゴッドファーザー,TRUE
881,294,1,Godfather,TRUE
882,294,2,教父,TRUE
883,295,0,セントアンドリューズ,TRUE
884,295,1,Saint Andrews,TRUE
885,295,2,圣安德鲁斯,TRUE
886,296,0,チョコレートハイボール,TRUE
887,296,1,Chocolate highball,TRUE
888,296,2,巧克力高球,TRUE
889,297,0,チョコレートファッションド,TRUE
890,297,1,Chocolate fashion,TRUE
891,297,2,巧克力时尚,TRUE
892,298,0,チョコレートマンハッタン,TRUE
893,298,1,Chocolate Manhattan,TRUE
894,298,2,巧克力Manhattan,TRUE
895,299,0,ドライマンハッタン,TRUE
896,299,1,Dry Manhattan,TRUE
897,299,2,干曼哈顿,TRUE
898,300,0,ニューヨーク,TRUE
899,300,1,New York,TRUE
900,300,2,纽约,TRUE
901,301,0,ハンター,TRUE
902,301,1,Hunter,TRUE
903,301,2,猎人,TRUE
904,302,0,バーボネラ,TRUE
905,302,1,Bourbonera,TRUE
906,302,2,Babonera,TRUE
907,303,0,マミーテイラー,TRUE
908,303,1,Mommy Taylor,TRUE
909,303,2,妈咪泰勒,TRUE
910,304,0,マンハッタン,TRUE
911,304,1,Manhattan,TRUE
912,304,2,曼哈顿,TRUE
913,305,0,ラスティーネール,TRUE
914,305,1,Rusty Neale,TRUE
915,305,2,生锈的尼尔,TRUE
916,306,0,ロブロイ,TRUE
917,306,1,Robloy,TRUE
918,306,2,罗伯罗伊,TRUE
919,307,0,エッグノッグ,TRUE
920,307,1,eggnog,TRUE
921,307,2,蛋酒,TRUE
922,308,0,カウボーイ,TRUE
923,308,1,cowboy,TRUE
924,308,2,牛仔,TRUE
925,309,0,ケンタッキーコーヒー,TRUE
926,309,1,Kentucky coffee,TRUE
927,309,2,肯塔基咖啡,TRUE
928,310,0,玉響（たまゆら）,TRUE
929,310,1,Tamayura (Tamayura),TRUE
930,310,2,玉村（玉村）,TRUE
931,311,0,バーボンサワー,TRUE
932,311,1,Bourbon sour,TRUE
933,311,2,波旁威士忌,TRUE
934,312,0,バーボンバック,TRUE
935,312,1,Bourbon back,TRUE
936,312,2,波旁回来了,TRUE
937,313,0,ミントジュレップ,TRUE
938,313,1,Mint Julep,TRUE
939,313,2,薄荷朱利普,TRUE
940,314,0,メーカーズマークハイボール,TRUE
941,314,1,Maker's Mark Highball,TRUE
942,314,2,Maker的Mark Highball,TRUE
943,315,0,レッドカトレア,TRUE
944,315,1,Red Cattleya,TRUE
945,315,2,红色卡特兰,TRUE
946,316,0,ザ・プレミアム・モルツ　香るエール,TRUE
947,316,1,The Premium Malts Aroma Ale,TRUE
948,316,2,优质麦芽芳香啤酒,TRUE
949,317,0,ザ・モルツ,TRUE
950,317,1,The Mortz,TRUE
951,317,2,莫茨,TRUE
952,318,0,サントリー　オールフリー,TRUE
953,318,1,Suntory All Free,TRUE
954,318,2,三得利全免费,TRUE
955,319,0,八海山,TRUE
956,319,1,Hachihamaama,TRUE
957,319,2,Hakkaisan,TRUE
958,320,0,獺祭,TRUE
959,320,1,A festival,TRUE
960,320,2,一个节日,TRUE
961,321,0,ビームハイ,TRUE
962,321,1,Beam High,TRUE
963,321,2,梁高,TRUE
964,322,0,ビームハイジンジャー,TRUE
965,322,1,Beam high ginger,TRUE
966,322,2,梁高姜,TRUE
967,323,0,ビームハイコーク,TRUE
968,323,1,Beam high coke,TRUE
969,323,2,梁高焦,TRUE
970,324,0,鏡月,TRUE
971,324,1,Mitsuki,TRUE
972,324,2,Kagamitsuki,TRUE
973,325,0,霧島,TRUE
974,325,1,Kirishima,TRUE
975,325,2,雾岛,TRUE
976,326,0,佐藤　麦,TRUE
977,326,1,Sato wheat,TRUE
978,326,2,佐藤小麦,TRUE
979,327,0,白ワイン,TRUE
980,327,1,White wine,TRUE
981,327,2,白葡萄酒,TRUE
982,328,0,赤ワイン,TRUE
983,328,1,Red wine,TRUE
984,328,2,红酒,TRUE
985,329,0,サングリア,TRUE
986,329,1,sangria,TRUE
987,329,2,桑格利亚,TRUE
988,330,0,紀州産南高梅梅酒,TRUE
989,330,1,Nishi Kōme plum wine from Kishu,TRUE
990,330,2,Kishu的NishiKōme梅酒,TRUE
991,331,0,徳島産ゆず酒,TRUE
992,331,1,Yuzu from Tokushima,TRUE
993,331,2,来自德岛的柚子,TRUE
994,332,0,レモンサワー,TRUE
995,332,1,Lemon sour,TRUE
996,332,2,柠檬酸,TRUE
997,333,0,グレープフルーツサワー,TRUE
998,333,1,Grapefruit sour,TRUE
999,333,2,葡萄柚酸,TRUE
1000,334,0,ゆずサワー,TRUE
1001,334,1,Yuzu Sour,TRUE
1002,334,2,柚子酸,TRUE
1003,335,0,ウーロン茶,TRUE
1004,335,1,Oolong Tea,TRUE
1005,335,2,乌龙茶,TRUE
1006,336,0,オレンジジュース,TRUE
1007,336,1,Orange juice,TRUE
1008,336,2,橙汁,TRUE
1009,337,0,ジンジャーエール,TRUE
1010,337,1,Ginger ale,TRUE
1011,337,2,姜汁啤酒,TRUE
1012,338,0,コーラ,TRUE
1013,338,1,Cola,TRUE
1014,338,2,可口可乐,TRUE
1015,339,0,カルピス,TRUE
1016,339,1,Calpis,TRUE
1017,339,2,可尔必思,TRUE
