id,drink_compornent_id,language,amount_string
1,1,0,45ml
2,1,1,45 ml
3,1,2,45毫升
4,2,0,適量
5,2,1,Reasonable amount
6,2,2,合理的金额
7,3,0,3/4量
8,3,1,3/4 amount
9,3,2,3/4金额
10,4,0,1/4量
11,4,1,1/4 amount
12,4,2,1/4金额
13,5,0,45ml
14,5,1,45 ml
15,5,2,45毫升
16,6,0,15ml
17,6,1,15 ml
18,6,2,15毫升
19,7,0,20ml
20,7,1,20 ml
21,7,2,20毫升
22,8,0,1と1/2tsp
23,8,1,1 and 1 / 2tsp
24,8,2,1和1 / 2tsp
25,9,0,適量
26,9,1,Reasonable amount
27,9,2,合理的金额
28,10,0,1/4
29,10,1,1/4
30,10,2,1/4
31,11,0,3/4
32,11,1,3/4
33,11,2,3/4
34,12,0,30ml
35,12,1,30 ml
36,12,2,30毫升
37,13,0,90ml
38,13,1,90 ml
39,13,2,90毫升
40,14,0,1/2
41,14,1,1/2
42,14,2,1/2
43,15,0,1/4
44,15,1,1/4
45,15,2,1/4
46,16,0,1/4
47,16,1,1/4
48,16,2,1/4
49,17,0,4/5
50,17,1,4/5
51,17,2,4/5
52,18,0,1/5
53,18,1,1/5
54,18,2,1/5
55,19,0,15ml
56,19,1,15 ml
57,19,2,15毫升
58,20,0,45ml
59,20,1,45 ml
60,20,2,45毫升
61,21,0,2/3
62,21,1,2/3
63,21,2,2/3
64,22,0,1/6
65,22,1,1/6
66,22,2,1/6
67,23,0,1/6
68,23,1,1/6
69,23,2,1/6
70,24,0,45ml
71,24,1,45 ml
72,24,2,45毫升
73,25,0,20ml
74,25,1,20 ml
75,25,2,20毫升
76,26,0,10ml
77,26,1,10 ml
78,26,2,10毫升
79,27,0,1/3
80,27,1,1/3
81,27,2,1/3
82,28,0,1/3
83,28,1,1/3
84,28,2,1/3
85,29,0,1/3
86,29,1,1/3
87,29,2,1/3
88,30,0,5/6
89,30,1,5/6
90,30,2,5/6
91,31,0,1/6
92,31,1,1/6
93,31,2,1/6
94,32,0,1個
95,32,1,1 piece
96,32,2,1件
97,33,0,2/3
98,33,1,2/3
99,33,2,2/3
100,34,0,1/3
101,34,1,1/3
102,34,2,1/3
103,35,0,1/3
104,35,1,1/3
105,35,2,1/3
106,36,0,1/3
107,36,1,1/3
108,36,2,1/3
109,37,0,1/3
110,37,1,1/3
111,37,2,1/3
112,38,0,45ml
113,38,1,45 ml
114,38,2,45毫升
115,39,0,20ml
116,39,1,20 ml
117,39,2,20毫升
118,40,0,適量
119,40,1,Reasonable amount
120,40,2,合理的金额
121,41,0,45ml
122,41,1,45 ml
123,41,2,45毫升
124,42,0,20ml
125,42,1,20 ml
126,42,2,20毫升
127,43,0,2tsp
128,43,1,2tsp
129,43,2,2茶匙
130,44,0,適量
131,44,1,Reasonable amount
132,44,2,合理的金额
133,45,0,45ml
134,45,1,45 ml
135,45,2,45毫升
136,46,0,1/2個
137,46,1,1/2 piece
138,46,2,1/2件
139,47,0,適量
140,47,1,Reasonable amount
141,47,2,合理的金额
142,48,0,40ml
143,48,1,40 ml
144,48,2,40毫升
145,49,0,10ml
146,49,1,10 ml
147,49,2,10毫升
148,50,0,10ml
149,50,1,10 ml
150,50,2,10毫升
151,51,0,1tsp
152,51,1,1 tsp
153,51,2,1茶匙
154,52,0,2tsp
155,52,1,2tsp
156,52,2,2茶匙
157,53,0,2/5
158,53,1,2/5
159,53,2,2/5
160,54,0,1/5
161,54,1,1/5
162,54,2,1/5
163,55,0,1/5
164,55,1,1/5
165,55,2,1/5
166,56,0,1/5
167,56,1,1/5
168,56,2,1/5
169,57,0,2ダッシュ
170,57,1,2 dash
171,57,2,2破折号
172,58,0,40ml
173,58,1,40 ml
174,58,2,40毫升
175,59,0,15ml
176,59,1,15 ml
177,59,2,15毫升
178,60,0,15ml
179,60,1,15 ml
180,60,2,15毫升
181,61,0,40ml
182,61,1,40 ml
183,61,2,40毫升
184,62,0,10ml
185,62,1,10 ml
186,62,2,10毫升
187,63,0,5ml
188,63,1,5 ml
189,63,2,5毫升
190,64,0,20ml
191,64,1,20 ml
192,64,2,20毫升
193,65,0,10ml
194,65,1,10 ml
195,65,2,10毫升
196,66,0,適量
197,66,1,Reasonable amount
198,66,2,合理的金额
199,67,0,1枚
200,67,1,1 sheet
201,67,2,1张
202,68,0,30ml
203,68,1,30 ml
204,68,2,30毫升
205,69,0,90ml
206,69,1,90 ml
207,69,2,90毫升
208,70,0,50ｍｌ
209,70,1,50 ml
210,70,2,50毫升
211,71,0,10ｍｌ
212,71,1,10 ml
213,71,2,10毫升
214,72,0,60ml
215,72,1,60 ml
216,72,2,60毫升
217,73,0,20ml
218,73,1,20 ml
219,73,2,20毫升
220,74,0,2tsp
221,74,1,2tsp
222,74,2,2茶匙
223,75,0,適量
224,75,1,Reasonable amount
225,75,2,合理的金额
226,76,0,1/2
227,76,1,1/2
228,76,2,1/2
229,77,0,1/4
230,77,1,1/4
231,77,2,1/4
232,78,0,1/4
233,78,1,1/4
234,78,2,1/4
235,79,0,1/2
236,79,1,1/2
237,79,2,1/2
238,80,0,1/3
239,80,1,1/3
240,80,2,1/3
241,81,0,1/6
242,81,1,1/6
243,81,2,1/6
244,82,0,45ml
245,82,1,45 ml
246,82,2,45毫升
247,83,0,20ml
248,83,1,20 ml
249,83,2,20毫升
250,84,0,1個分
251,84,1,1 piece
252,84,2,1件
253,85,0,45ml
254,85,1,45 ml
255,85,2,45毫升
256,86,0,20ml
257,86,1,20 ml
258,86,2,20毫升
259,87,0,1tsp
260,87,1,1 tsp
261,87,2,1茶匙
262,88,0,適量
263,88,1,Reasonable amount
264,88,2,合理的金额
265,89,0,1/2
266,89,1,1/2
267,89,2,1/2
268,90,0,1/4
269,90,1,1/4
270,90,2,1/4
271,91,0,1/4
272,91,1,1/4
273,91,2,1/4
274,92,0,1/2
275,92,1,1/2
276,92,2,1/2
277,93,0,1/6
278,93,1,1/6
279,93,2,1/6
280,94,0,1/6
281,94,1,1/6
282,94,2,1/6
283,95,0,1/6
284,95,1,1/6
285,95,2,1/6
286,96,0,1/2
287,96,1,1/2
288,96,2,1/2
289,97,0,1/4
290,97,1,1/4
291,97,2,1/4
292,98,0,1/4
293,98,1,1/4
294,98,2,1/4
295,99,0,45ml
296,99,1,45 ml
297,99,2,45毫升
298,100,0,15ml
299,100,1,15 ml
300,100,2,15毫升
301,101,0,15ml
302,101,1,15 ml
303,101,2,15毫升
304,102,0,1tsp
305,102,1,1 tsp
306,102,2,1茶匙
307,103,0,1個分
308,103,1,1 piece
309,103,2,1件
310,104,0,1/3
311,104,1,1/3
312,104,2,1/3
313,105,0,1/3
314,105,1,1/3
315,105,2,1/3
316,106,0,1/3
317,106,1,1/3
318,106,2,1/3
319,107,0,15ml
320,107,1,15 ml
321,107,2,15毫升
322,108,0,15ml
323,108,1,15 ml
324,108,2,15毫升
325,109,0,15ml
326,109,1,15 ml
327,109,2,15毫升
328,110,0,15ml
329,110,1,15 ml
330,110,2,15毫升
331,111,0,15ml
332,111,1,15 ml
333,111,2,15毫升
334,112,0,30ml
335,112,1,30 ml
336,112,2,30毫升
337,113,0,40ml
338,113,1,40 ml
339,113,2,40毫升
340,114,0,20ml
341,114,1,20 ml
342,114,2,20毫升
343,115,0,20ml
344,115,1,20 ml
345,115,2,20毫升
346,116,0,10ml
347,116,1,10 ml
348,116,2,10毫升
349,117,0,10ml
350,117,1,10 ml
351,117,2,10毫升
352,118,0,適量
353,118,1,Reasonable amount
354,118,2,合理的金额
355,119,0,30ml
356,119,1,30 ml
357,119,2,30毫升
358,120,0,15ml
359,120,1,15 ml
360,120,2,15毫升
361,121,0,5ml
362,121,1,5 ml
363,121,2,5毫升
364,122,0,10ml
365,122,1,10 ml
366,122,2,10毫升
367,123,0,1tsp
368,123,1,1 tsp
369,123,2,1茶匙
370,124,0,45ml
371,124,1,45 ml
372,124,2,45毫升
373,125,0,適量
374,125,1,Reasonable amount
375,125,2,合理的金额
376,126,0,適量
377,126,1,Reasonable amount
378,126,2,合理的金额
379,127,0,45ml
380,127,1,45 ml
381,127,2,45毫升
382,128,0,15ml
383,128,1,15 ml
384,128,2,15毫升
385,129,0,適量
386,129,1,Reasonable amount
387,129,2,合理的金额
388,130,0,1/4
389,130,1,1/4
390,130,2,1/4
391,131,0,3/4
392,131,1,3/4
393,131,2,3/4
394,132,0,4/5
395,132,1,4/5
396,132,2,4/5
397,133,0,1/5
398,133,1,1/5
399,133,2,1/5
400,134,0,45ml
401,134,1,45 ml
402,134,2,45毫升
403,135,0,1/2個
404,135,1,1/2 piece
405,135,2,1/2件
406,136,0,適量
407,136,1,Reasonable amount
408,136,2,合理的金额
409,137,0,1/2
410,137,1,1/2
411,137,2,1/2
412,138,0,1/6
413,138,1,1/6
414,138,2,1/6
415,139,0,1/12
416,139,1,1/12
417,139,2,1/12
418,140,0,1/12
419,140,1,1/12
420,140,2,1/12
421,141,0,1/6
422,141,1,1/6
423,141,2,1/6
424,142,0,60ml
425,142,1,60 ml
426,142,2,60毫升
427,143,0,1/2個
428,143,1,1/2 piece
429,143,2,1/2件
430,144,0,3tsp
431,144,1,3tsp
432,144,2,3茶匙的
433,145,0,20ml
434,145,1,20 ml
435,145,2,20毫升
436,146,0,20ml
437,146,1,20 ml
438,146,2,20毫升
439,147,0,20ml
440,147,1,20 ml
441,147,2,20毫升
442,148,0,1/3
443,148,1,1/3
444,148,2,1/3
445,149,0,1/3
446,149,1,1/3
447,149,2,1/3
448,150,0,1/3
449,150,1,1/3
450,150,2,1/3
451,151,0,1tsp
452,151,1,1 tsp
453,151,2,1茶匙
454,152,0,20ml
455,152,1,20 ml
456,152,2,20毫升
457,153,0,10ml
458,153,1,10 ml
459,153,2,10毫升
460,154,0,20ml
461,154,1,20 ml
462,154,2,20毫升
463,155,0,10ml
464,155,1,10 ml
465,155,2,10毫升
466,156,0,15ml
467,156,1,15 ml
468,156,2,15毫升
469,157,0,45ml
470,157,1,45 ml
471,157,2,45毫升
472,158,0,1/3
473,158,1,1/3
474,158,2,1/3
475,159,0,1/3
476,159,1,1/3
477,159,2,1/3
478,160,0,1/3
479,160,1,1/3
480,160,2,1/3
481,161,0,45ml
482,161,1,45 ml
483,161,2,45毫升
484,162,0,適量
485,162,1,Reasonable amount
486,162,2,合理的金额
487,163,0,30ml
488,163,1,30 ml
489,163,2,30毫升
490,164,0,80ml
491,164,1,80 ml
492,164,2,80毫升
493,165,0,45ml
494,165,1,45 ml
495,165,2,45毫升
496,166,0,30ml
497,166,1,30 ml
498,166,2,30毫升
499,167,0,30ml
500,167,1,30 ml
501,167,2,30毫升
502,168,0,1個
503,168,1,1 piece
504,168,2,1件
505,169,0,1/3
506,169,1,1/3
507,169,2,1/3
508,170,0,1/3
509,170,1,1/3
510,170,2,1/3
511,171,0,1/3
512,171,1,1/3
513,171,2,1/3
514,172,0,1/2
515,172,1,1/2
516,172,2,1/2
517,173,0,1/4
518,173,1,1/4
519,173,2,1/4
520,174,0,1/4
521,174,1,1/4
522,174,2,1/4
523,175,0,45ml
524,175,1,45 ml
525,175,2,45毫升
526,176,0,適量
527,176,1,Reasonable amount
528,176,2,合理的金额
529,177,0,40ml
530,177,1,40 ml
531,177,2,40毫升
532,178,0,20ml
533,178,1,20 ml
534,178,2,20毫升
535,179,0,30ml
536,179,1,30 ml
537,179,2,30毫升
538,180,0,60ml
539,180,1,60 ml
540,180,2,60毫升
541,181,0,60ml
542,181,1,60 ml
543,181,2,60毫升
544,182,0,15ml
545,182,1,15 ml
546,182,2,15毫升
547,183,0,45ml
548,183,1,45 ml
549,183,2,45毫升
550,184,0,適量
551,184,1,Reasonable amount
552,184,2,合理的金额
553,185,0,30ml
554,185,1,30 ml
555,185,2,30毫升
556,186,0,10ml
557,186,1,10 ml
558,186,2,10毫升
559,187,0,20ml
560,187,1,20 ml
561,187,2,20毫升
562,188,0,30ml
563,188,1,30 ml
564,188,2,30毫升
565,189,0,60ml
566,189,1,60 ml
567,189,2,60毫升
568,190,0,40ml
569,190,1,40 ml
570,190,2,40毫升
571,191,0,20ml
572,191,1,20 ml
573,191,2,20毫升
574,192,0,20ml
575,192,1,20 ml
576,192,2,20毫升
577,193,0,15ml
578,193,1,15 ml
579,193,2,15毫升
580,194,0,30ml
581,194,1,30 ml
582,194,2,30毫升
583,195,0,1ﾀﾞｯｼｭ
584,195,1,1 dash
585,195,2,1破折号
586,196,0,20ml
587,196,1,20 ml
588,196,2,20毫升
589,197,0,40ml
590,197,1,40 ml
591,197,2,40毫升
592,198,0,80ml
593,198,1,80 ml
594,198,2,80毫升
595,199,0,30ml
596,199,1,30 ml
597,199,2,30毫升
598,200,0,30ml
599,200,1,30 ml
600,200,2,30毫升
601,201,0,1/2
602,201,1,1/2
603,201,2,1/2
604,202,0,1/4
605,202,1,1/4
606,202,2,1/4
607,203,0,1/4
608,203,1,1/4
609,203,2,1/4
610,204,0,60ml
611,204,1,60 ml
612,204,2,60毫升
613,205,0,1tsp
614,205,1,1 tsp
615,205,2,1茶匙
616,206,0,1tsp
617,206,1,1 tsp
618,206,2,1茶匙
619,207,0,1/3
620,207,1,1/3
621,207,2,1/3
622,208,0,1/3
623,208,1,1/3
624,208,2,1/3
625,209,0,1/3
626,209,1,1/3
627,209,2,1/3
628,210,0,1/3
629,210,1,1/3
630,210,2,1/3
631,211,0,2/3
632,211,1,2/3
633,211,2,2/3
634,212,0,30ml
635,212,1,30 ml
636,212,2,30毫升
637,213,0,60ml
638,213,1,60 ml
639,213,2,60毫升
640,214,0,60ml
641,214,1,60 ml
642,214,2,60毫升
643,215,0,15ml
644,215,1,15 ml
645,215,2,15毫升
646,216,0,15ml
647,216,1,15 ml
648,216,2,15毫升
649,217,0,15ml
650,217,1,15 ml
651,217,2,15毫升
652,218,0,15ml
653,218,1,15 ml
654,218,2,15毫升
655,219,0,15ml
656,219,1,15 ml
657,219,2,15毫升
658,220,0,30ml
659,220,1,30 ml
660,220,2,30毫升
661,221,0,40ml
662,221,1,40 ml
663,221,2,40毫升
664,222,0,1/2量
665,222,1,1/2 amount
666,222,2,1/2金额
667,223,0,1/4量
668,223,1,1/4 amount
669,223,2,1/4金额
670,224,0,1/4量
671,224,1,1/4 amount
672,224,2,1/4金额
673,225,0,45ml
674,225,1,45 ml
675,225,2,45毫升
676,226,0,15ml
677,226,1,15 ml
678,226,2,15毫升
679,227,0,10ml
680,227,1,10 ml
681,227,2,10毫升
682,228,0,適量
683,228,1,Reasonable amount
684,228,2,合理的金额
685,229,0,25ml
686,229,1,25 ml
687,229,2,25毫升
688,230,0,10ml
689,230,1,10 ml
690,230,2,10毫升
691,231,0,15ml
692,231,1,15 ml
693,231,2,15毫升
694,232,0,25ml
695,232,1,25 ml
696,232,2,25毫升
697,233,0,25ml
698,233,1,25 ml
699,233,2,25毫升
700,234,0,40ml
701,234,1,40 ml
702,234,2,40毫升
703,235,0,60ml
704,235,1,60 ml
705,235,2,60毫升
706,236,0,少量
707,236,1,A small amount
708,236,2,少量
709,237,0,少量
710,237,1,A small amount
711,237,2,少量
712,238,0,30ml
713,238,1,30 ml
714,238,2,30毫升
715,239,0,15ml
716,239,1,15 ml
717,239,2,15毫升
718,240,0,15ml
719,240,1,15 ml
720,240,2,15毫升
721,241,0,10ml
722,241,1,10 ml
723,241,2,10毫升
724,242,0,1/3
725,242,1,1/3
726,242,2,1/3
727,243,0,2/3
728,243,1,2/3
729,243,2,2/3
730,244,0,2tsp
731,244,1,2tsp
732,244,2,2茶匙
733,245,0,45ml
734,245,1,45 ml
735,245,2,45毫升
736,246,0,適量
737,246,1,Reasonable amount
738,246,2,合理的金额
739,247,0,30ml
740,247,1,30 ml
741,247,2,30毫升
742,248,0,15nl
743,248,1,15 nl
744,248,2,15 nl
745,249,0,少々
746,249,1,a little
747,249,2,一点点
748,250,0,少々
749,250,1,a little
750,250,2,一点点
751,251,0,適量
752,251,1,Reasonable amount
753,251,2,合理的金额
754,252,0,1ﾀﾞｯｼｭ
755,252,1,1 dash
756,252,2,1破折号
757,253,0,1個
758,253,1,1 piece
759,253,2,1件
760,254,0,40ml
761,254,1,40 ml
762,254,2,40毫升
763,255,0,20ml
764,255,1,20 ml
765,255,2,20毫升
766,256,0,30ml
767,256,1,30 ml
768,256,2,30毫升
769,257,0,30ml
770,257,1,30 ml
771,257,2,30毫升
772,258,0,80ml
773,258,1,80 ml
774,258,2,80毫升
775,259,0,45ml
776,259,1,45 ml
777,259,2,45毫升
778,260,0,30ml
779,260,1,30 ml
780,260,2,30毫升
781,261,0,15ml
782,261,1,15 ml
783,261,2,15毫升
784,262,0,15ml
785,262,1,15 ml
786,262,2,15毫升
787,263,0,1tsp
788,263,1,1 tsp
789,263,2,1茶匙
790,264,0,適量
791,264,1,Reasonable amount
792,264,2,合理的金额
793,265,0,30ml
794,265,1,30 ml
795,265,2,30毫升
796,266,0,15ml
797,266,1,15 ml
798,266,2,15毫升
799,267,0,15ml
800,267,1,15 ml
801,267,2,15毫升
802,268,0,1カップ
803,268,1,1 cup
804,268,2,1杯
805,269,0,30ml
806,269,1,30 ml
807,269,2,30毫升
808,270,0,15ml
809,270,1,15 ml
810,270,2,15毫升
811,271,0,10ml
812,271,1,10 ml
813,271,2,10毫升
814,272,0,1tsp
815,272,1,1 tsp
816,272,2,1茶匙
817,273,0,1カップ
818,273,1,1 cup
819,273,2,1杯
820,274,0,40ml
821,274,1,40 ml
822,274,2,40毫升
823,275,0,20ml
824,275,1,20 ml
825,275,2,20毫升
826,276,0,30ml
827,276,1,30 ml
828,276,2,30毫升
829,277,0,45ml
830,277,1,45 ml
831,277,2,45毫升
832,278,0,15ml
833,278,1,15 ml
834,278,2,15毫升
835,279,0,25ml
836,279,1,25 ml
837,279,2,25毫升
838,280,0,10ml
839,280,1,10 ml
840,280,2,10毫升
841,281,0,15ml
842,281,1,15 ml
843,281,2,15毫升
844,282,0,1/2
845,282,1,1/2
846,282,2,1/2
847,283,0,1/4
848,283,1,1/4
849,283,2,1/4
850,284,0,1/4
851,284,1,1/4
852,284,2,1/4
853,285,0,15ml
854,285,1,15 ml
855,285,2,15毫升
856,286,0,15ml
857,286,1,15 ml
858,286,2,15毫升
859,287,0,15ml
860,287,1,15 ml
861,287,2,15毫升
862,288,0,15ml
863,288,1,15 ml
864,288,2,15毫升
865,289,0,15ml
866,289,1,15 ml
867,289,2,15毫升
868,290,0,30ml
869,290,1,30 ml
870,290,2,30毫升
871,291,0,40ml
872,291,1,40 ml
873,291,2,40毫升
874,292,0,30ｍｌ
875,292,1,30 ml
876,292,2,30毫升
877,293,0,10ｍｌ
878,293,1,10 ml
879,293,2,10毫升
880,294,0,10ｍｌ
881,294,1,10 ml
882,294,2,10毫升
883,295,0,10ｍｌ
884,295,1,10 ml
885,295,2,10毫升
886,296,0,適量
887,296,1,Reasonable amount
888,296,2,合理的金额
889,297,0,30ml
890,297,1,30 ml
891,297,2,30毫升
892,298,0,10ml
893,298,1,10 ml
894,298,2,10毫升
895,299,0,150ml
896,299,1,150 ml
897,299,2,150毫升
898,300,0,3/8個
899,300,1,3/8 pieces
900,300,2,3/8件
901,301,0,30ml
902,301,1,30 ml
903,301,2,30毫升
904,302,0,10ml
905,302,1,10 ml
906,302,2,10毫升
907,303,0,150ml
908,303,1,150 ml
909,303,2,150毫升
910,304,0,15g
911,304,1,15 g
912,304,2,15克
913,305,0,1/4個
914,305,1,1/4 pieces
915,305,2,1/4件
916,306,0,30ml
917,306,1,30 ml
918,306,2,30毫升
919,307,0,10ml
920,307,1,10 ml
921,307,2,10毫升
922,308,0,120ml
923,308,1,120 ml
924,308,2,120毫升
925,309,0,3/8 個
926,309,1,3/8 pieces
927,309,2,3/8件
928,310,0,30ml
929,310,1,30 ml
930,310,2,30毫升
931,311,0,10ml
932,311,1,10 ml
933,311,2,10毫升
934,312,0,150ml
935,312,1,150 ml
936,312,2,150毫升
937,313,0,3 個
938,313,1,Three
939,313,2,3件
940,314,0,30ml
941,314,1,30 ml
942,314,2,30毫升
943,315,0,10ml
944,315,1,10 ml
945,315,2,10毫升
946,316,0,150ml
947,316,1,150 ml
948,316,2,150毫升
949,317,0,3g
950,317,1,3 g
951,317,2,3克
952,318,0,1/4個
953,318,1,1/4 pieces
954,318,2,1/4件
955,319,0,30ml
956,319,1,30 ml
957,319,2,30毫升
958,320,0,10ml
959,320,1,10 ml
960,320,2,10毫升
961,321,0,150ml
962,321,1,150 ml
963,321,2,150毫升
964,322,0,3/8個
965,322,1,3/8 pieces
966,322,2,3/8件
967,323,0,30ml
968,323,1,30 ml
969,323,2,30毫升
970,324,0,10ml
971,324,1,10 ml
972,324,2,10毫升
973,325,0,150ml
974,325,1,150 ml
975,325,2,150毫升
976,326,0,3/8個
977,326,1,3/8 pieces
978,326,2,3/8件
979,327,0,3/4量
980,327,1,3/4 amount
981,327,2,3/4金额
982,328,0,1/4量
983,328,1,1/4 amount
984,328,2,1/4金额
985,329,0,1.5tsp
986,329,1,1.5 tsp
987,329,2,1.5茶匙
988,330,0,適量
989,330,1,Reasonable amount
990,330,2,合理的金额
991,331,0,2/4量
992,331,1,2/4 amount
993,331,2,2/4金额
994,332,0,1/4量
995,332,1,1/4 amount
996,332,2,1/4金额
997,333,0,1/4量
998,333,1,1/4 amount
999,333,2,1/4金额
1000,334,0,適量
1001,334,1,Reasonable amount
1002,334,2,合理的金额
1003,335,0,45ml
1004,335,1,45 ml
1005,335,2,45毫升
1006,336,0,適量
1007,336,1,Reasonable amount
1008,336,2,合理的金额
1009,337,0,3/4
1010,337,1,3/4
1011,337,2,3/4
1012,338,0,1/4
1013,338,1,1/4
1014,338,2,1/4
1015,339,0,1tsp
1016,339,1,1 tsp
1017,339,2,1茶匙
1018,340,0,3/5
1019,340,1,3/5
1020,340,2,3/5
1021,341,0,1/5
1022,341,1,1/5
1023,341,2,1/5
1024,342,0,1/5
1025,342,1,1/5
1026,342,2,1/5
1027,343,0,1tsp.
1028,343,1,1 tsp.
1029,343,2,1茶匙
1030,344,0,1dash
1031,344,1,1 dash
1032,344,2,1破折号
1033,345,0,30ml
1034,345,1,30 ml
1035,345,2,30毫升
1036,346,0,適量
1037,346,1,Reasonable amount
1038,346,2,合理的金额
1039,347,0,適量
1040,347,1,Reasonable amount
1041,347,2,合理的金额
1042,348,0,適量
1043,348,1,Reasonable amount
1044,348,2,合理的金额
1045,349,0,適量
1046,349,1,Reasonable amount
1047,349,2,合理的金额
1048,350,0,1/2
1049,350,1,1/2
1050,350,2,1/2
1051,351,0,1/4
1052,351,1,1/4
1053,351,2,1/4
1054,352,0,1/4
1055,352,1,1/4
1056,352,2,1/4
1057,353,0,45ml
1058,353,1,45 ml
1059,353,2,45毫升
1060,354,0,45ml
1061,354,1,45 ml
1062,354,2,45毫升
1063,355,0,1tsp
1064,355,1,1 tsp
1065,355,2,1茶匙
1066,356,0,1tsp
1067,356,1,1 tsp
1068,356,2,1茶匙
1069,357,0,1/2
1070,357,1,1/2
1071,357,2,1/2
1072,358,0,1/4
1073,358,1,1/4
1074,358,2,1/4
1075,359,0,1/4
1076,359,1,1/4
1077,359,2,1/4
1078,360,0,60ml
1079,360,1,60 ml
1080,360,2,60毫升
1081,361,0,20ml
1082,361,1,20 ml
1083,361,2,20毫升
1084,362,0,1tsp
1085,362,1,1 tsp
1086,362,2,1茶匙
1087,363,0,1tsp
1088,363,1,1 tsp
1089,363,2,1茶匙
1090,364,0,30ml
1091,364,1,30 ml
1092,364,2,30毫升
1093,365,0,1/2個
1094,365,1,1/2 piece
1095,365,2,1/2件
1096,366,0,適量
1097,366,1,Reasonable amount
1098,366,2,合理的金额
1099,367,0,20ml
1100,367,1,20 ml
1101,367,2,20毫升
1102,368,0,30ml
1103,368,1,30 ml
1104,368,2,30毫升
1105,369,0,15ml
1106,369,1,15 ml
1107,369,2,15毫升
1108,370,0,15ml
1109,370,1,15 ml
1110,370,2,15毫升
1111,371,0,15ml
1112,371,1,15 ml
1113,371,2,15毫升
1114,372,0,30ml
1115,372,1,30 ml
1116,372,2,30毫升
1117,373,0,30ml
1118,373,1,30 ml
1119,373,2,30毫升
1120,374,0,30ml
1121,374,1,30 ml
1122,374,2,30毫升
1123,375,0,適量
1124,375,1,Reasonable amount
1125,375,2,合理的金额
1126,376,0,1/2
1127,376,1,1/2
1128,376,2,1/2
1129,377,0,1/3
1130,377,1,1/3
1131,377,2,1/3
1132,378,0,1/6
1133,378,1,1/6
1134,378,2,1/6
1135,379,0,45ml
1136,379,1,45 ml
1137,379,2,45毫升
1138,380,0,30ml
1139,380,1,30 ml
1140,380,2,30毫升
1141,381,0,20ml
1142,381,1,20 ml
1143,381,2,20毫升
1144,382,0,20ml
1145,382,1,20 ml
1146,382,2,20毫升
1147,383,0,15ml
1148,383,1,15 ml
1149,383,2,15毫升
1150,384,0,30ml
1151,384,1,30 ml
1152,384,2,30毫升
1153,385,0,30ml
1154,385,1,30 ml
1155,385,2,30毫升
1156,386,0,20ml
1157,386,1,20 ml
1158,386,2,20毫升
1159,387,0,100ml
1160,387,1,100 ml
1161,387,2,100毫升
1162,388,0,30ml
1163,388,1,30 ml
1164,388,2,30毫升
1165,389,0,15ml
1166,389,1,15 ml
1167,389,2,15毫升
1168,390,0,1ﾀﾞｯｼｭ
1169,390,1,1 dash
1170,390,2,1破折号
1171,391,0,15ml
1172,391,1,15 ml
1173,391,2,15毫升
1174,392,0,10ml
1175,392,1,10 ml
1176,392,2,10毫升
1177,393,0,適量
1178,393,1,Reasonable amount
1179,393,2,合理的金额
1180,394,0,30ml
1181,394,1,30 ml
1182,394,2,30毫升
1183,395,0,40ml
1184,395,1,40 ml
1185,395,2,40毫升
1186,396,0,80ml
1187,396,1,80 ml
1188,396,2,80毫升
1189,397,0,40ml
1190,397,1,40 ml
1191,397,2,40毫升
1192,398,0,20ml
1193,398,1,20 ml
1194,398,2,20毫升
1195,399,0,15ml
1196,399,1,15 ml
1197,399,2,15毫升
1198,400,0,40ml
1199,400,1,40 ml
1200,400,2,40毫升
1201,401,0,15ml
1202,401,1,15 ml
1203,401,2,15毫升
1204,402,0,2枝
1205,402,1,2 branches
1206,402,2,2个分支
1207,403,0,1tsp
1208,403,1,1 tsp
1209,403,2,1茶匙
1210,404,0,20ml
1211,404,1,20 ml
1212,404,2,20毫升
1213,405,0,80ml
1214,405,1,80 ml
1215,405,2,80毫升
1216,406,0,30ml
1217,406,1,30 ml
1218,406,2,30毫升
1219,407,0,15ml
1220,407,1,15 ml
1221,407,2,15毫升
1222,408,0,2tsp
1223,408,1,2tsp
1224,408,2,2茶匙
1225,409,0,1個
1226,409,1,1 piece
1227,409,2,1件
1228,410,0,適量
1229,410,1,Reasonable amount
1230,410,2,合理的金额
1231,411,0,1/2
1232,411,1,1/2
1233,411,2,1/2
1234,412,0,1/4
1235,412,1,1/4
1236,412,2,1/4
1237,413,0,1/4
1238,413,1,1/4
1239,413,2,1/4
1240,414,0,1/3
1241,414,1,1/3
1242,414,2,1/3
1243,415,0,1/3
1244,415,1,1/3
1245,415,2,1/3
1246,416,0,1/3
1247,416,1,1/3
1248,416,2,1/3
1249,417,0,1tsp
1250,417,1,1 tsp
1251,417,2,1茶匙
1252,418,0,30ml
1253,418,1,30 ml
1254,418,2,30毫升
1255,419,0,10ml
1256,419,1,10 ml
1257,419,2,10毫升
1258,420,0,1tsp
1259,420,1,1 tsp
1260,420,2,1茶匙
1261,421,0,1tsp
1262,421,1,1 tsp
1263,421,2,1茶匙
1264,422,0,1/3本
1265,422,1,1/3 book
1266,422,2,1/3书
1267,423,0,1カップ
1268,423,1,1 cup
1269,423,2,1杯
1270,424,0,30ml
1271,424,1,30 ml
1272,424,2,30毫升
1273,425,0,15ml
1274,425,1,15 ml
1275,425,2,15毫升
1276,426,0,30ml
1277,426,1,30 ml
1278,426,2,30毫升
1279,427,0,15ml
1280,427,1,15 ml
1281,427,2,15毫升
1282,428,0,45ml
1283,428,1,45 ml
1284,428,2,45毫升
1285,429,0,1個
1286,429,1,1 piece
1287,429,2,1件
1288,430,0,1片
1289,430,1,1 piece
1290,430,2,1件
1291,431,0,適量
1292,431,1,Reasonable amount
1293,431,2,合理的金额
1294,432,0,2/3
1295,432,1,2/3
1296,432,2,2/3
1297,433,0,1/3
1298,433,1,1/3
1299,433,2,1/3
1300,434,0,1tsp
1301,434,1,1 tsp
1302,434,2,1茶匙
1303,435,0,45ml
1304,435,1,45 ml
1305,435,2,45毫升
1306,436,0,1tsp
1307,436,1,1 tsp
1308,436,2,1茶匙
1309,437,0,1tsp
1310,437,1,1 tsp
1311,437,2,1茶匙
1312,438,0,1tsp
1313,438,1,1 tsp
1314,438,2,1茶匙
1315,439,0,1/2tsp
1316,439,1,1 / 2tsp
1317,439,2,1 / 2tsp
1318,440,0,2tsp
1319,440,1,2tsp
1320,440,2,2茶匙
1321,441,0,15ml
1322,441,1,15 ml
1323,441,2,15毫升
1324,442,0,15ml
1325,442,1,15 ml
1326,442,2,15毫升
1327,443,0,15ml
1328,443,1,15 ml
1329,443,2,15毫升
1330,444,0,15ml
1331,444,1,15 ml
1332,444,2,15毫升
1333,445,0,15ml
1334,445,1,15 ml
1335,445,2,15毫升
1336,446,0,30ml
1337,446,1,30 ml
1338,446,2,30毫升
1339,447,0,40ml
1340,447,1,40 ml
1341,447,2,40毫升
1342,448,0,20ml
1343,448,1,20 ml
1344,448,2,20毫升
1345,449,0,20ml
1346,449,1,20 ml
1347,449,2,20毫升
1348,450,0,10ml
1349,450,1,10 ml
1350,450,2,10毫升
1351,451,0,10ml
1352,451,1,10 ml
1353,451,2,10毫升
1354,452,0,適量
1355,452,1,Reasonable amount
1356,452,2,合理的金额
1357,453,0,30ml
1358,453,1,30 ml
1359,453,2,30毫升
1360,454,0,30ml
1361,454,1,30 ml
1362,454,2,30毫升
1363,455,0,20ml
1364,455,1,20 ml
1365,455,2,20毫升
1366,456,0,1tsp
1367,456,1,1 tsp
1368,456,2,1茶匙
1369,457,0,30ml
1370,457,1,30 ml
1371,457,2,30毫升
1372,458,0,15ml
1373,458,1,15 ml
1374,458,2,15毫升
1375,459,0,15ml
1376,459,1,15 ml
1377,459,2,15毫升
1378,460,0,1tsp
1379,460,1,1 tsp
1380,460,2,1茶匙
1381,461,0,適量
1382,461,1,Reasonable amount
1383,461,2,合理的金额
1384,462,0,45ml
1385,462,1,45 ml
1386,462,2,45毫升
1387,463,0,45ml
1388,463,1,45 ml
1389,463,2,45毫升
1390,464,0,45ml
1391,464,1,45 ml
1392,464,2,45毫升
1393,465,0,5ml
1394,465,1,5 ml
1395,465,2,5毫升
1396,466,0,1/4
1397,466,1,1/4
1398,466,2,1/4
1399,467,0,3/4
1400,467,1,3/4
1401,467,2,3/4
1402,468,0,1/5
1403,468,1,1/5
1404,468,2,1/5
1405,469,0,4/5
1406,469,1,4/5
1407,469,2,4/5
1408,470,0,1/5
1409,470,1,1/5
1410,470,2,1/5
1411,471,0,4/5
1412,471,1,4/5
1413,471,2,4/5
1414,472,0,1/4
1415,472,1,1/4
1416,472,2,1/4
1417,473,0,3/4
1418,473,1,3/4
1419,473,2,3/4
1420,474,0,30ml
1421,474,1,30 ml
1422,474,2,30毫升
1423,475,0,10ml
1424,475,1,10 ml
1425,475,2,10毫升
1426,476,0,90ml
1427,476,1,90 ml
1428,476,2,90毫升
1429,477,0,30ml
1430,477,1,30 ml
1431,477,2,30毫升
1432,478,0,適量
1433,478,1,Reasonable amount
1434,478,2,合理的金额
1435,479,0,適量
1436,479,1,Reasonable amount
1437,479,2,合理的金额
1438,480,0,適量
1439,480,1,Reasonable amount
1440,480,2,合理的金额
1441,481,0,適量
1442,481,1,Reasonable amount
1443,481,2,合理的金额
1444,482,0,30ml
1445,482,1,30 ml
1446,482,2,30毫升
1447,483,0,90ml
1448,483,1,90 ml
1449,483,2,90毫升
1450,484,0,1tsp
1451,484,1,1 tsp
1452,484,2,1茶匙
1453,485,0,45ml
1454,485,1,45 ml
1455,485,2,45毫升
1456,486,0,適量
1457,486,1,Reasonable amount
1458,486,2,合理的金额
1459,487,0,1/4
1460,487,1,1/4
1461,487,2,1/4
1462,488,0,3/4
1463,488,1,3/4
1464,488,2,3/4
1465,489,0,30ml
1466,489,1,30 ml
1467,489,2,30毫升
1468,490,0,90ml
1469,490,1,90 ml
1470,490,2,90毫升
1471,491,0,1枚
1472,491,1,1 sheet
1473,491,2,1张
1474,492,0,30ml
1475,492,1,30 ml
1476,492,2,30毫升
1477,493,0,適量
1478,493,1,Reasonable amount
1479,493,2,合理的金额
1480,494,0,30ml
1481,494,1,30 ml
1482,494,2,30毫升
1483,495,0,10ml
1484,495,1,10 ml
1485,495,2,10毫升
1486,496,0,80ml
1487,496,1,80 ml
1488,496,2,80毫升
1489,497,0,30ml
1490,497,1,30 ml
1491,497,2,30毫升
1492,498,0,適量
1493,498,1,Reasonable amount
1494,498,2,合理的金额
1495,499,0,30ml
1496,499,1,30 ml
1497,499,2,30毫升
1498,500,0,適量
1499,500,1,Reasonable amount
1500,500,2,合理的金额
1501,501,0,適量
1502,501,1,Reasonable amount
1503,501,2,合理的金额
1504,502,0,適量
1505,502,1,Reasonable amount
1506,502,2,合理的金额
1507,503,0,適量
1508,503,1,Reasonable amount
1509,503,2,合理的金额
1510,504,0,30ml
1511,504,1,30 ml
1512,504,2,30毫升
1513,505,0,90ml
1514,505,1,90 ml
1515,505,2,90毫升
1516,506,0,30ml
1517,506,1,30 ml
1518,506,2,30毫升
1519,507,0,適量
1520,507,1,Reasonable amount
1521,507,2,合理的金额
1522,508,0,適量
1523,508,1,Reasonable amount
1524,508,2,合理的金额
1525,509,0,適量
1526,509,1,Reasonable amount
1527,509,2,合理的金额
1528,510,0,適量
1529,510,1,Reasonable amount
1530,510,2,合理的金额
1531,511,0,60ml
1532,511,1,60 ml
1533,511,2,60毫升
1534,512,0,30ml
1535,512,1,30 ml
1536,512,2,30毫升
1537,513,0,90ml
1538,513,1,90 ml
1539,513,2,90毫升
1540,514,0,30ml
1541,514,1,30 ml
1542,514,2,30毫升
1543,515,0,15ml
1544,515,1,15 ml
1545,515,2,15毫升
1546,516,0,135ml
1547,516,1,135 ml
1548,516,2,135毫升
1549,517,0,60ml
1550,517,1,60 ml
1551,517,2,60毫升
1552,518,0,60ml
1553,518,1,60 ml
1554,518,2,60毫升
1555,519,0,15ml
1556,519,1,15 ml
1557,519,2,15毫升
1558,520,0,45ml
1559,520,1,45 ml
1560,520,2,45毫升
1561,521,0,30ml
1562,521,1,30 ml
1563,521,2,30毫升
1564,522,0,90ml
1565,522,1,90 ml
1566,522,2,90毫升
1567,523,0,1枚
1568,523,1,1 sheet
1569,523,2,1张
1570,524,0,30ml
1571,524,1,30 ml
1572,524,2,30毫升
1573,525,0,適量
1574,525,1,Reasonable amount
1575,525,2,合理的金额
1576,526,0,適量
1577,526,1,Reasonable amount
1578,526,2,合理的金额
1579,527,0,適量
1580,527,1,Reasonable amount
1581,527,2,合理的金额
1582,528,0,適量
1583,528,1,Reasonable amount
1584,528,2,合理的金额
1585,529,0,1/4
1586,529,1,1/4
1587,529,2,1/4
1588,530,0,3/4
1589,530,1,3/4
1590,530,2,3/4
1591,531,0,30ml
1592,531,1,30 ml
1593,531,2,30毫升
1594,532,0,90ml
1595,532,1,90 ml
1596,532,2,90毫升
1597,533,0,1枚
1598,533,1,1 sheet
1599,533,2,1张
1600,534,0,30ml
1601,534,1,30 ml
1602,534,2,30毫升
1603,535,0,90ml
1604,535,1,90 ml
1605,535,2,90毫升
1606,536,0,1枚
1607,536,1,1 sheet
1608,536,2,1张
1609,537,0,45ml
1610,537,1,45 ml
1611,537,2,45毫升
1612,538,0,適量
1613,538,1,Reasonable amount
1614,538,2,合理的金额
1615,539,0,1/4
1616,539,1,1/4
1617,539,2,1/4
1618,540,0,3/4
1619,540,1,3/4
1620,540,2,3/4
1621,541,0,45ml
1622,541,1,45 ml
1623,541,2,45毫升
1624,542,0,適量
1625,542,1,Reasonable amount
1626,542,2,合理的金额
1627,543,0,1/4
1628,543,1,1/4
1629,543,2,1/4
1630,544,0,3/4
1631,544,1,3/4
1632,544,2,3/4
1633,545,0,45ml
1634,545,1,45 ml
1635,545,2,45毫升
1636,546,0,適量
1637,546,1,Reasonable amount
1638,546,2,合理的金额
1639,547,0,1/4
1640,547,1,1/4
1641,547,2,1/4
1642,548,0,3/4
1643,548,1,3/4
1644,548,2,3/4
1645,549,0,45ml
1646,549,1,45 ml
1647,549,2,45毫升
1648,550,0,適量
1649,550,1,Reasonable amount
1650,550,2,合理的金额
1651,551,0,30ml
1652,551,1,30 ml
1653,551,2,30毫升
1654,552,0,適量
1655,552,1,Reasonable amount
1656,552,2,合理的金额
1657,553,0,適量
1658,553,1,Reasonable amount
1659,553,2,合理的金额
1660,554,0,適量
1661,554,1,Reasonable amount
1662,554,2,合理的金额
1663,555,0,適量
1664,555,1,Reasonable amount
1665,555,2,合理的金额
1666,556,0,45ml
1667,556,1,45 ml
1668,556,2,45毫升
1669,557,0,適量
1670,557,1,Reasonable amount
1671,557,2,合理的金额
1672,558,0,45ml
1673,558,1,45 ml
1674,558,2,45毫升
1675,559,0,適量
1676,559,1,Reasonable amount
1677,559,2,合理的金额
1678,560,0,45ml
1679,560,1,45 ml
1680,560,2,45毫升
1681,561,0,適量
1682,561,1,Reasonable amount
1683,561,2,合理的金额
1684,562,0,30ml
1685,562,1,30 ml
1686,562,2,30毫升
1687,563,0,20ml
1688,563,1,20 ml
1689,563,2,20毫升
1690,564,0,20ml
1691,564,1,20 ml
1692,564,2,20毫升
1693,565,0,1/4
1694,565,1,1/4
1695,565,2,1/4
1696,566,0,3/4
1697,566,1,3/4
1698,566,2,3/4
1699,567,0,45ml
1700,567,1,45 ml
1701,567,2,45毫升
1702,568,0,10ml
1703,568,1,10 ml
1704,568,2,10毫升
1705,569,0,45ml
1706,569,1,45 ml
1707,569,2,45毫升
1708,570,0,45ml
1709,570,1,45 ml
1710,570,2,45毫升
1711,571,0,45ml
1712,571,1,45 ml
1713,571,2,45毫升
1714,572,0,20ml
1715,572,1,20 ml
1716,572,2,20毫升
1717,573,0,1tsp
1718,573,1,1 tsp
1719,573,2,1茶匙
1720,574,0,適量
1721,574,1,Reasonable amount
1722,574,2,合理的金额
1723,575,0,1/5
1724,575,1,1/5
1725,575,2,1/5
1726,576,0,4/5
1727,576,1,4/5
1728,576,2,4/5
1729,577,0,1/2
1730,577,1,1/2
1731,577,2,1/2
1732,578,0,1/4
1733,578,1,1/4
1734,578,2,1/4
1735,579,0,1/4
1736,579,1,1/4
1737,579,2,1/4
1738,580,0,45ml
1739,580,1,45 ml
1740,580,2,45毫升
1741,581,0,60ml
1742,581,1,60 ml
1743,581,2,60毫升
1744,582,0,45ml
1745,582,1,45 ml
1746,582,2,45毫升
1747,583,0,45ml
1748,583,1,45 ml
1749,583,2,45毫升
1750,584,0,適量
1751,584,1,Reasonable amount
1752,584,2,合理的金额
1753,585,0,30ml
1754,585,1,30 ml
1755,585,2,30毫升
1756,586,0,30ml
1757,586,1,30 ml
1758,586,2,30毫升
1759,587,0,適量
1760,587,1,Reasonable amount
1761,587,2,合理的金额
1762,588,0,20ml
1763,588,1,20 ml
1764,588,2,20毫升
1765,589,0,100ml
1766,589,1,100 ml
1767,589,2,100毫升
1768,590,0,1/2
1769,590,1,1/2
1770,590,2,1/2
1771,591,0,1/4
1772,591,1,1/4
1773,591,2,1/4
1774,592,0,1/4
1775,592,1,1/4
1776,592,2,1/4
1777,593,0,45ml
1778,593,1,45 ml
1779,593,2,45毫升
1780,594,0,20ml
1781,594,1,20 ml
1782,594,2,20毫升
1783,595,0,20ml
1784,595,1,20 ml
1785,595,2,20毫升
1786,596,0,20ml
1787,596,1,20 ml
1788,596,2,20毫升
1789,597,0,15ml
1790,597,1,15 ml
1791,597,2,15毫升
1792,598,0,15ml
1793,598,1,15 ml
1794,598,2,15毫升
1795,599,0,15ml
1796,599,1,15 ml
1797,599,2,15毫升
1798,600,0,1/2
1799,600,1,1/2
1800,600,2,1/2
1801,601,0,1/6
1802,601,1,1/6
1803,601,2,1/6
1804,602,0,1/12
1805,602,1,1/12
1806,602,2,1/12
1807,603,0,1/12
1808,603,1,1/12
1809,603,2,1/12
1810,604,0,1/6
1811,604,1,1/6
1812,604,2,1/6
1813,605,0,1/3
1814,605,1,1/3
1815,605,2,1/3
1816,606,0,1/3
1817,606,1,1/3
1818,606,2,1/3
1819,607,0,1/3
1820,607,1,1/3
1821,607,2,1/3
1822,608,0,15ml
1823,608,1,15 ml
1824,608,2,15毫升
1825,609,0,15ml
1826,609,1,15 ml
1827,609,2,15毫升
1828,610,0,90ml
1829,610,1,90 ml
1830,610,2,90毫升
1831,611,0,20ml
1832,611,1,20 ml
1833,611,2,20毫升
1834,612,0,20ml
1835,612,1,20 ml
1836,612,2,20毫升
1837,613,0,20ml
1838,613,1,20 ml
1839,613,2,20毫升
1840,614,0,45ml
1841,614,1,45 ml
1842,614,2,45毫升
1843,615,0,適量
1844,615,1,Reasonable amount
1845,615,2,合理的金额
1846,616,0,45ml
1847,616,1,45 ml
1848,616,2,45毫升
1849,617,0,適量
1850,617,1,Reasonable amount
1851,617,2,合理的金额
1852,618,0,30ml
1853,618,1,30 ml
1854,618,2,30毫升
1855,619,0,適量
1856,619,1,Reasonable amount
1857,619,2,合理的金额
1858,620,0,45ml
1859,620,1,45 ml
1860,620,2,45毫升
1861,621,0,10ml
1862,621,1,10 ml
1863,621,2,10毫升
1864,622,0,45ml
1865,622,1,45 ml
1866,622,2,45毫升
1867,623,0,45ml
1868,623,1,45 ml
1869,623,2,45毫升
1870,624,0,45ml
1871,624,1,45 ml
1872,624,2,45毫升
1873,625,0,適量
1874,625,1,Reasonable amount
1875,625,2,合理的金额
1876,626,0,30ml
1877,626,1,30 ml
1878,626,2,30毫升
1879,627,0,20ml
1880,627,1,20 ml
1881,627,2,20毫升
1882,628,0,適量
1883,628,1,Reasonable amount
1884,628,2,合理的金额
1885,629,0,30ml
1886,629,1,30 ml
1887,629,2,30毫升
1888,630,0,90ml
1889,630,1,90 ml
1890,630,2,90毫升
1891,631,0,30ml
1892,631,1,30 ml
1893,631,2,30毫升
1894,632,0,適量
1895,632,1,Reasonable amount
1896,632,2,合理的金额
1897,633,0,1/2個
1898,633,1,1/2 piece
1899,633,2,1/2件
1900,634,0,4/5
1901,634,1,4/5
1902,634,2,4/5
1903,635,0,1/5
1904,635,1,1/5
1905,635,2,1/5
1906,636,0,1/3
1907,636,1,1/3
1908,636,2,1/3
1909,637,0,1/3
1910,637,1,1/3
1911,637,2,1/3
1912,638,0,1/3
1913,638,1,1/3
1914,638,2,1/3
1915,639,0,45ml
1916,639,1,45 ml
1917,639,2,45毫升
1918,640,0,10ml
1919,640,1,10 ml
1920,640,2,10毫升
1921,641,0,適量
1922,641,1,Reasonable amount
1923,641,2,合理的金额
1924,642,0,30ml
1925,642,1,30 ml
1926,642,2,30毫升
1927,643,0,20ml
1928,643,1,20 ml
1929,643,2,20毫升
1930,644,0,10ml
1931,644,1,10 ml
1932,644,2,10毫升
1933,645,0,1/2tsp
1934,645,1,1 / 2tsp
1935,645,2,1 / 2tsp
1936,646,0,1/3
1937,646,1,1/3
1938,646,2,1/3
1939,647,0,1/3
1940,647,1,1/3
1941,647,2,1/3
1942,648,0,1/3
1943,648,1,1/3
1944,648,2,1/3
1945,649,0,20ml
1946,649,1,20 ml
1947,649,2,20毫升
1948,650,0,30ml
1949,650,1,30 ml
1950,650,2,30毫升
1951,651,0,15ml
1952,651,1,15 ml
1953,651,2,15毫升
1954,652,0,15ml
1955,652,1,15 ml
1956,652,2,15毫升
1957,653,0,15ml
1958,653,1,15 ml
1959,653,2,15毫升
1960,654,0,30ml
1961,654,1,30 ml
1962,654,2,30毫升
1963,655,0,30ml
1964,655,1,30 ml
1965,655,2,30毫升
1966,656,0,30ml
1967,656,1,30 ml
1968,656,2,30毫升
1969,657,0,適量
1970,657,1,Reasonable amount
1971,657,2,合理的金额
1972,658,0,30ml
1973,658,1,30 ml
1974,658,2,30毫升
1975,659,0,5ml
1976,659,1,5 ml
1977,659,2,5毫升
1978,660,0,45ml
1979,660,1,45 ml
1980,660,2,45毫升
1981,661,0,少々
1982,661,1,a little
1983,661,2,一点点
1984,662,0,1/6
1985,662,1,1/6
1986,662,2,1/6
1987,663,0,1/2
1988,663,1,1/2
1989,663,2,1/2
1990,664,0,1/3
1991,664,1,1/3
1992,664,2,1/3
1993,665,0,40ml
1994,665,1,40 ml
1995,665,2,40毫升
1996,666,0,15ml
1997,666,1,15 ml
1998,666,2,15毫升
1999,667,0,15ml
2000,667,1,15 ml
2001,667,2,15毫升
2002,668,0,10ml
2003,668,1,10 ml
2004,668,2,10毫升
2005,669,0,10ml
2006,669,1,10 ml
2007,669,2,10毫升
2008,670,0,1/5
2009,670,1,1/5
2010,670,2,1/5
2011,671,0,4/5
2012,671,1,4/5
2013,671,2,4/5
2014,672,0,15ml
2015,672,1,15 ml
2016,672,2,15毫升
2017,673,0,20ml
2018,673,1,20 ml
2019,673,2,20毫升
2020,674,0,10ml
2021,674,1,10 ml
2022,674,2,10毫升
2023,675,0,80ml
2024,675,1,80 ml
2025,675,2,80毫升
2026,676,0,40ml
2027,676,1,40 ml
2028,676,2,40毫升
2029,677,0,20ml
2030,677,1,20 ml
2031,677,2,20毫升
2032,678,0,30ml
2033,678,1,30 ml
2034,678,2,30毫升
2035,679,0,30ml
2036,679,1,30 ml
2037,679,2,30毫升
2038,680,0,2ダッシュ
2039,680,1,2 dash
2040,680,2,2破折号
2041,681,0,2ダッシュ
2042,681,1,2 dash
2043,681,2,2破折号
2044,682,0,2ダッシュ
2045,682,1,2 dash
2046,682,2,2破折号
2047,683,0,45ml
2048,683,1,45 ml
2049,683,2,45毫升
2050,684,0,30ml
2051,684,1,30 ml
2052,684,2,30毫升
2053,685,0,適量
2054,685,1,Reasonable amount
2055,685,2,合理的金额
2056,686,0,15ml
2057,686,1,15 ml
2058,686,2,15毫升
2059,687,0,15ml
2060,687,1,15 ml
2061,687,2,15毫升
2062,688,0,適量
2063,688,1,Reasonable amount
2064,688,2,合理的金额
2065,689,0,40ml
2066,689,1,40 ml
2067,689,2,40毫升
2068,690,0,20ml
2069,690,1,20 ml
2070,690,2,20毫升
2071,691,0,5ml
2072,691,1,5 ml
2073,691,2,5毫升
2074,692,0,40ml
2075,692,1,40 ml
2076,692,2,40毫升
2077,693,0,30ml
2078,693,1,30 ml
2079,693,2,30毫升
2080,694,0,90ml
2081,694,1,90 ml
2082,694,2,90毫升
2083,695,0,20ml
2084,695,1,20 ml
2085,695,2,20毫升
2086,696,0,10ml
2087,696,1,10 ml
2088,696,2,10毫升
2089,697,0,90ml
2090,697,1,90 ml
2091,697,2,90毫升
2092,698,0,30ml
2093,698,1,30 ml
2094,698,2,30毫升
2095,699,0,90ml
2096,699,1,90 ml
2097,699,2,90毫升
2098,700,0,30ml
2099,700,1,30 ml
2100,700,2,30毫升
2101,701,0,90ml
2102,701,1,90 ml
2103,701,2,90毫升
2104,702,0,1/3
2105,702,1,1/3
2106,702,2,1/3
2107,703,0,1/3
2108,703,1,1/3
2109,703,2,1/3
2110,704,0,1/3
2111,704,1,1/3
2112,704,2,1/3
2113,705,0,20ml
2114,705,1,20 ml
2115,705,2,20毫升
2116,706,0,15ml
2117,706,1,15 ml
2118,706,2,15毫升
2119,707,0,15ml
2120,707,1,15 ml
2121,707,2,15毫升
2122,708,0,10ml
2123,708,1,10 ml
2124,708,2,10毫升
2125,709,0,適量
2126,709,1,Reasonable amount
2127,709,2,合理的金额
2128,710,0,1スプレー
2129,710,1,1 Spray
2130,710,2,1喷雾
2131,711,0,1/4
2132,711,1,1/4
2133,711,2,1/4
2134,712,0,3/4
2135,712,1,3/4
2136,712,2,3/4
2137,713,0,30ml
2138,713,1,30 ml
2139,713,2,30毫升
2140,714,0,適量
2141,714,1,Reasonable amount
2142,714,2,合理的金额
2143,715,0,1個
2144,715,1,1 piece
2145,715,2,1件
2146,716,0,40ml
2147,716,1,40 ml
2148,716,2,40毫升
2149,717,0,20ml
2150,717,1,20 ml
2151,717,2,20毫升
2152,718,0,1/2tsp
2153,718,1,1 / 2tsp
2154,718,2,1 / 2tsp
2155,719,0,30ml
2156,719,1,30 ml
2157,719,2,30毫升
2158,720,0,90ml
2159,720,1,90 ml
2160,720,2,90毫升
2161,721,0,30ml
2162,721,1,30 ml
2163,721,2,30毫升
2164,722,0,70ml
2165,722,1,70 ml
2166,722,2,70毫升
2167,723,0,45ml
2168,723,1,45 ml
2169,723,2,45毫升
2170,724,0,適量
2171,724,1,Reasonable amount
2172,724,2,合理的金额
2173,725,0,1/3
2174,725,1,1/3
2175,725,2,1/3
2176,726,0,1/3
2177,726,1,1/3
2178,726,2,1/3
2179,727,0,1/3
2180,727,1,1/3
2181,727,2,1/3
2182,728,0,1tsp
2183,728,1,1 tsp
2184,728,2,1茶匙
2185,729,0,1/4
2186,729,1,1/4
2187,729,2,1/4
2188,730,0,3/4
2189,730,1,3/4
2190,730,2,3/4
2191,731,0,20ml
2192,731,1,20 ml
2193,731,2,20毫升
2194,732,0,15ml
2195,732,1,15 ml
2196,732,2,15毫升
2197,733,0,10ml
2198,733,1,10 ml
2199,733,2,10毫升
2200,734,0,5ml
2201,734,1,5 ml
2202,734,2,5毫升
2203,735,0,2tsp
2204,735,1,2tsp
2205,735,2,2茶匙
2206,736,0,45ml
2207,736,1,45 ml
2208,736,2,45毫升
2209,737,0,10ml
2210,737,1,10 ml
2211,737,2,10毫升
2212,738,0,45ml
2213,738,1,45 ml
2214,738,2,45毫升
2215,739,0,45ml
2216,739,1,45 ml
2217,739,2,45毫升
2218,740,0,1/5
2219,740,1,1/5
2220,740,2,1/5
2221,741,0,4/5
2222,741,1,4/5
2223,741,2,4/5
2224,742,0,45ml
2225,742,1,45 ml
2226,742,2,45毫升
2227,743,0,60ml
2228,743,1,60 ml
2229,743,2,60毫升
2230,744,0,30ml
2231,744,1,30 ml
2232,744,2,30毫升
2233,745,0,60ml
2234,745,1,60 ml
2235,745,2,60毫升
2236,746,0,45ml
2237,746,1,45 ml
2238,746,2,45毫升
2239,747,0,適量
2240,747,1,Reasonable amount
2241,747,2,合理的金额
2242,748,0,1/3
2243,748,1,1/3
2244,748,2,1/3
2245,749,0,1/3
2246,749,1,1/3
2247,749,2,1/3
2248,750,0,1/6
2249,750,1,1/6
2250,750,2,1/6
2251,751,0,1/6
2252,751,1,1/6
2253,751,2,1/6
2254,752,0,30ml
2255,752,1,30 ml
2256,752,2,30毫升
2257,753,0,適量
2258,753,1,Reasonable amount
2259,753,2,合理的金额
2260,754,0,30ml
2261,754,1,30 ml
2262,754,2,30毫升
2263,755,0,30ml
2264,755,1,30 ml
2265,755,2,30毫升
2266,756,0,20ml
2267,756,1,20 ml
2268,756,2,20毫升
2269,757,0,40ml
2270,757,1,40 ml
2271,757,2,40毫升
2272,758,0,30ml
2273,758,1,30 ml
2274,758,2,30毫升
2275,759,0,10ml
2276,759,1,10 ml
2277,759,2,10毫升
2278,760,0,60ml
2279,760,1,60 ml
2280,760,2,60毫升
2281,761,0,30ml
2282,761,1,30 ml
2283,761,2,30毫升
2284,762,0,30ml
2285,762,1,30 ml
2286,762,2,30毫升
2287,763,0,適量
2288,763,1,Reasonable amount
2289,763,2,合理的金额
2290,764,0,30ml
2291,764,1,30 ml
2292,764,2,30毫升
2293,765,0,75ml
2294,765,1,75 ml
2295,765,2,75毫升
2296,766,0,1tsp
2297,766,1,1 tsp
2298,766,2,1茶匙
2299,767,0,30ml
2300,767,1,30 ml
2301,767,2,30毫升
2302,768,0,適量
2303,768,1,Reasonable amount
2304,768,2,合理的金额
2305,769,0,45ml
2306,769,1,45 ml
2307,769,2,45毫升
2308,770,0,45ml
2309,770,1,45 ml
2310,770,2,45毫升
2311,771,0,45ml
2312,771,1,45 ml
2313,771,2,45毫升
2314,772,0,30ml
2315,772,1,30 ml
2316,772,2,30毫升
2317,773,0,適量
2318,773,1,Reasonable amount
2319,773,2,合理的金额
2320,774,0,20ml
2321,774,1,20 ml
2322,774,2,20毫升
2323,775,0,10ml
2324,775,1,10 ml
2325,775,2,10毫升
2326,776,0,90ml
2327,776,1,90 ml
2328,776,2,90毫升
2329,777,0,30ml
2330,777,1,30 ml
2331,777,2,30毫升
2332,778,0,90ml
2333,778,1,90 ml
2334,778,2,90毫升
2335,779,0,30ml
2336,779,1,30 ml
2337,779,2,30毫升
2338,780,0,30ml
2339,780,1,30 ml
2340,780,2,30毫升
2341,781,0,60ml
2342,781,1,60 ml
2343,781,2,60毫升
2344,782,0,45ml
2345,782,1,45 ml
2346,782,2,45毫升
2347,783,0,15ml
2348,783,1,15 ml
2349,783,2,15毫升
2350,784,0,15ml
2351,784,1,15 ml
2352,784,2,15毫升
2353,785,0,75ml
2354,785,1,75 ml
2355,785,2,75毫升
2356,786,0,30ml
2357,786,1,30 ml
2358,786,2,30毫升
2359,787,0,45ml
2360,787,1,45 ml
2361,787,2,45毫升
2362,788,0,10ml
2363,788,1,10 ml
2364,788,2,10毫升
2365,789,0,45ml
2366,789,1,45 ml
2367,789,2,45毫升
2368,790,0,45ml
2369,790,1,45 ml
2370,790,2,45毫升
2371,791,0,30ml
2372,791,1,30 ml
2373,791,2,30毫升
2374,792,0,60ml
2375,792,1,60 ml
2376,792,2,60毫升
2377,793,0,60ml
2378,793,1,60 ml
2379,793,2,60毫升
2380,794,0,30ml
2381,794,1,30 ml
2382,794,2,30毫升
2383,795,0,30ml
2384,795,1,30 ml
2385,795,2,30毫升
2386,796,0,90ml
2387,796,1,90 ml
2388,796,2,90毫升
2389,797,0,30ml
2390,797,1,30 ml
2391,797,2,30毫升
2392,798,0,30ml
2393,798,1,30 ml
2394,798,2,30毫升
2395,799,0,15ml
2396,799,1,15 ml
2397,799,2,15毫升
2398,800,0,75ml
2399,800,1,75 ml
2400,800,2,75毫升
2401,801,0,40ml
2402,801,1,40 ml
2403,801,2,40毫升
2404,802,0,適量
2405,802,1,Reasonable amount
2406,802,2,合理的金额
2407,803,0,30ml
2408,803,1,30 ml
2409,803,2,30毫升
2410,804,0,1グラス
2411,804,1,1 glass
2412,804,2,1杯
2413,805,0,45ml
2414,805,1,45 ml
2415,805,2,45毫升
2416,806,0,適量
2417,806,1,Reasonable amount
2418,806,2,合理的金额
2419,807,0,40ｍｌ
2420,807,1,40 ml
2421,807,2,40毫升
2422,808,0,適量
2423,808,1,Reasonable amount
2424,808,2,合理的金额
2425,809,0,120ｍｌ
2426,809,1,120 ml
2427,809,2,120毫升
2428,810,0,1/4
2429,810,1,1/4
2430,810,2,1/4
2431,811,0,3/4
2432,811,1,3/4
2433,811,2,3/4
2434,812,0,1/3
2435,812,1,1/3
2436,812,2,1/3
2437,813,0,2/3
2438,813,1,2/3
2439,813,2,2/3
2440,814,0,1/4
2441,814,1,1/4
2442,814,2,1/4
2443,815,0,3/4
2444,815,1,3/4
2445,815,2,3/4
2446,816,0,45ml
2447,816,1,45 ml
2448,816,2,45毫升
2449,817,0,適量
2450,817,1,Reasonable amount
2451,817,2,合理的金额
2452,818,0,45ml
2453,818,1,45 ml
2454,818,2,45毫升
2455,819,0,適量
2456,819,1,Reasonable amount
2457,819,2,合理的金额
2458,820,0,45ml
2459,820,1,45 ml
2460,820,2,45毫升
2461,821,0,適量
2462,821,1,Reasonable amount
2463,821,2,合理的金额
2464,822,0,45ml
2465,822,1,45 ml
2466,822,2,45毫升
2467,823,0,10ml
2468,823,1,10 ml
2469,823,2,10毫升
2470,824,0,45ml
2471,824,1,45 ml
2472,824,2,45毫升
2473,825,0,45ml
2474,825,1,45 ml
2475,825,2,45毫升
2476,826,0,45ml
2477,826,1,45 ml
2478,826,2,45毫升
2479,827,0,適量
2480,827,1,Reasonable amount
2481,827,2,合理的金额
2482,828,0,45ml
2483,828,1,45 ml
2484,828,2,45毫升
2485,829,0,10ml
2486,829,1,10 ml
2487,829,2,10毫升
2488,830,0,45ml
2489,830,1,45 ml
2490,830,2,45毫升
2491,831,0,45ml
2492,831,1,45 ml
2493,831,2,45毫升
2494,832,0,1/4
2495,832,1,1/4
2496,832,2,1/4
2497,833,0,3/4
2498,833,1,3/4
2499,833,2,3/4
2500,834,0,2/3
2501,834,1,2/3
2502,834,2,2/3
2503,835,0,1/3
2504,835,1,1/3
2505,835,2,1/3
2506,836,0,1/3
2507,836,1,1/3
2508,836,2,1/3
2509,837,0,1/3
2510,837,1,1/3
2511,837,2,1/3
2512,838,0,1/6
2513,838,1,1/6
2514,838,2,1/6
2515,839,0,1/6
2516,839,1,1/6
2517,839,2,1/6
2518,840,0,20ml
2519,840,1,20 ml
2520,840,2,20毫升
2521,841,0,10ml
2522,841,1,10 ml
2523,841,2,10毫升
2524,842,0,1tsp
2525,842,1,1 tsp
2526,842,2,1茶匙
2527,843,0,80ml
2528,843,1,80 ml
2529,843,2,80毫升
2530,844,0,15ml
2531,844,1,15 ml
2532,844,2,15毫升
2533,845,0,15ml
2534,845,1,15 ml
2535,845,2,15毫升
2536,846,0,15ml
2537,846,1,15 ml
2538,846,2,15毫升
2539,847,0,15ml
2540,847,1,15 ml
2541,847,2,15毫升
2542,848,0,15ml
2543,848,1,15 ml
2544,848,2,15毫升
2545,849,0,30ml
2546,849,1,30 ml
2547,849,2,30毫升
2548,850,0,40ml
2549,850,1,40 ml
2550,850,2,40毫升
2551,851,0,30ml
2552,851,1,30 ml
2553,851,2,30毫升
2554,852,0,90ml
2555,852,1,90 ml
2556,852,2,90毫升
2557,853,0,30ml
2558,853,1,30 ml
2559,853,2,30毫升
2560,854,0,10ml
2561,854,1,10 ml
2562,854,2,10毫升
2563,855,0,10ml
2564,855,1,10 ml
2565,855,2,10毫升
2566,856,0,10ml
2567,856,1,10 ml
2568,856,2,10毫升
2569,857,0,適量
2570,857,1,Reasonable amount
2571,857,2,合理的金额
2572,858,0,20ml
2573,858,1,20 ml
2574,858,2,20毫升
2575,859,0,20ml
2576,859,1,20 ml
2577,859,2,20毫升
2578,860,0,10ml
2579,860,1,10 ml
2580,860,2,10毫升
2581,861,0,10ml
2582,861,1,10 ml
2583,861,2,10毫升
2584,862,0,適量
2585,862,1,Reasonable amount
2586,862,2,合理的金额
2587,863,0,30ml
2588,863,1,30 ml
2589,863,2,30毫升
2590,864,0,15ml
2591,864,1,15 ml
2592,864,2,15毫升
2593,865,0,105ml
2594,865,1,105 ml
2595,865,2,105毫升
2596,866,0,適量
2597,866,1,Reasonable amount
2598,866,2,合理的金额
2599,867,0,30ml
2600,867,1,30 ml
2601,867,2,30毫升
2602,868,0,90ml
2603,868,1,90 ml
2604,868,2,90毫升
2605,869,0,1/8個
2606,869,1,1/8 pieces
2607,869,2,1/8件
2608,870,0,30ｍｌ
2609,870,1,30 ml
2610,870,2,30毫升
2611,871,0,15ｍｌ
2612,871,1,15 ml
2613,871,2,15毫升
2614,872,0,15ｍｌ
2615,872,1,15 ml
2616,872,2,15毫升
2617,873,0,5ml
2618,873,1,5 ml
2619,873,2,5毫升
2620,874,0,30ml
2621,874,1,30 ml
2622,874,2,30毫升
2623,875,0,15ml
2624,875,1,15 ml
2625,875,2,15毫升
2626,876,0,105ml
2627,876,1,105 ml
2628,876,2,105毫升
2629,877,0,30ml
2630,877,1,30 ml
2631,877,2,30毫升
2632,878,0,20ml
2633,878,1,20 ml
2634,878,2,20毫升
2635,879,0,10ml
2636,879,1,10 ml
2637,879,2,10毫升
2638,880,0,10ml
2639,880,1,10 ml
2640,880,2,10毫升
2641,881,0,30ml
2642,881,1,30 ml
2643,881,2,30毫升
2644,882,0,90ml
2645,882,1,90 ml
2646,882,2,90毫升
2647,883,0,適量
2648,883,1,Reasonable amount
2649,883,2,合理的金额
2650,884,0,30ml
2651,884,1,30 ml
2652,884,2,30毫升
2653,885,0,90ml
2654,885,1,90 ml
2655,885,2,90毫升
2656,886,0,25ml
2657,886,1,25 ml
2658,886,2,25毫升
2659,887,0,15ml
2660,887,1,15 ml
2661,887,2,15毫升
2662,888,0,10ml
2663,888,1,10 ml
2664,888,2,10毫升
2665,889,0,10ml
2666,889,1,10 ml
2667,889,2,10毫升
2668,890,0,少量
2669,890,1,A small amount
2670,890,2,少量
2671,891,0,4/5
2672,891,1,4/5
2673,891,2,4/5
2674,892,0,1/5
2675,892,1,1/5
2676,892,2,1/5
2677,893,0,4/5
2678,893,1,4/5
2679,893,2,4/5
2680,894,0,1/5
2681,894,1,1/5
2682,894,2,1/5
2683,895,0,4/5
2684,895,1,4/5
2685,895,2,4/5
2686,896,0,1/5
2687,896,1,1/5
2688,896,2,1/5
2689,897,0,3/5
2690,897,1,3/5
2691,897,2,3/5
2692,898,0,2/5
2693,898,1,2/5
2694,898,2,2/5
2695,899,0,45ml
2696,899,1,45 ml
2697,899,2,45毫升
2698,900,0,30ml
2699,900,1,30 ml
2700,900,2,30毫升
2701,901,0,適量
2702,901,1,Reasonable amount
2703,901,2,合理的金额
2704,902,0,90ml
2705,902,1,90 ml
2706,902,2,90毫升
2707,903,0,30ml
2708,903,1,30 ml
2709,903,2,30毫升
2710,904,0,15ml
2711,904,1,15 ml
2712,904,2,15毫升
2713,905,0,10ml
2714,905,1,10 ml
2715,905,2,10毫升
2716,906,0,1/2
2717,906,1,1/2
2718,906,2,1/2
2719,907,0,1/2
2720,907,1,1/2
2721,907,2,1/2
2722,908,0,1/2
2723,908,1,1/2
2724,908,2,1/2
2725,909,0,1/2
2726,909,1,1/2
2727,909,2,1/2
2728,910,0,1/2
2729,910,1,1/2
2730,910,2,1/2
2731,911,0,1/2
2732,911,1,1/2
2733,911,2,1/2
2734,912,0,1/2
2735,912,1,1/2
2736,912,2,1/2
2737,913,0,1/2
2738,913,1,1/2
2739,913,2,1/2
2740,914,0,30ml
2741,914,1,30 ml
2742,914,2,30毫升
2743,915,0,1tsp.
2744,915,1,1 tsp.
2745,915,2,1茶匙
2746,916,0,適量
2747,916,1,Reasonable amount
2748,916,2,合理的金额
2749,917,0,適量
2750,917,1,Reasonable amount
2751,917,2,合理的金额
2752,918,0,30ml
2753,918,1,30 ml
2754,918,2,30毫升
2755,919,0,15ml
2756,919,1,15 ml
2757,919,2,15毫升
2758,920,0,15ml
2759,920,1,15 ml
2760,920,2,15毫升
2761,921,0,1tsp
2762,921,1,1 tsp
2763,921,2,1茶匙
2764,922,0,60ml
2765,922,1,60 ml
2766,922,2,60毫升
2767,923,0,適量
2768,923,1,Reasonable amount
2769,923,2,合理的金额
2770,924,0,1/4
2771,924,1,1/4
2772,924,2,1/4
2773,925,0,3/4
2774,925,1,3/4
2775,925,2,3/4
2776,926,0,40ml
2777,926,1,40 ml
2778,926,2,40毫升
2779,927,0,適量
2780,927,1,Reasonable amount
2781,927,2,合理的金额
2782,928,0,45ml
2783,928,1,45 ml
2784,928,2,45毫升
2785,929,0,1個
2786,929,1,1 piece
2787,929,2,1件
2788,930,0,1ﾀﾞｯｼｭ
2789,930,1,1 dash
2790,930,2,1破折号
2791,931,0,20ml
2792,931,1,20 ml
2793,931,2,20毫升
2794,932,0,10ml
2795,932,1,10 ml
2796,932,2,10毫升
2797,933,0,10ml
2798,933,1,10 ml
2799,933,2,10毫升
2800,934,0,15ml
2801,934,1,15 ml
2802,934,2,15毫升
2803,935,0,5ml
2804,935,1,5 ml
2805,935,2,5毫升
2806,936,0,3/4
2807,936,1,3/4
2808,936,2,3/4
2809,937,0,1/4
2810,937,1,1/4
2811,937,2,1/4
2812,938,0,1/3
2813,938,1,1/3
2814,938,2,1/3
2815,939,0,1/3
2816,939,1,1/3
2817,939,2,1/3
2818,940,0,1/3
2819,940,1,1/3
2820,940,2,1/3
2821,941,0,15ml
2822,941,1,15 ml
2823,941,2,15毫升
2824,942,0,20ml
2825,942,1,20 ml
2826,942,2,20毫升
2827,943,0,90ml
2828,943,1,90 ml
2829,943,2,90毫升
2830,944,0,30ml
2831,944,1,30 ml
2832,944,2,30毫升
2833,945,0,15ml
2834,945,1,15 ml
2835,945,2,15毫升
2836,946,0,1個
2837,946,1,1 piece
2838,946,2,1件
2839,947,0,3ﾀﾞｯｼｭ
2840,947,1,3 dash
2841,947,2,3破折号
2842,948,0,少々
2843,948,1,a little
2844,948,2,一点点
2845,949,0,30ml
2846,949,1,30 ml
2847,949,2,30毫升
2848,950,0,20ml
2849,950,1,20 ml
2850,950,2,20毫升
2851,951,0,10ml
2852,951,1,10 ml
2853,951,2,10毫升
2854,952,0,1ﾀﾞｯｼｭ
2855,952,1,1 dash
2856,952,2,1破折号
2857,953,0,4/5
2858,953,1,4/5
2859,953,2,4/5
2860,954,0,1/5
2861,954,1,1/5
2862,954,2,1/5
2863,955,0,1ﾀﾞｯｼｭ
2864,955,1,1 dash
2865,955,2,1破折号
2866,956,0,3/4
2867,956,1,3/4
2868,956,2,3/4
2869,957,0,1/4
2870,957,1,1/4
2871,957,2,1/4
2872,958,0,1/2tsp
2873,958,1,1 / 2tsp
2874,958,2,1 / 2tsp
2875,959,0,1tsp
2876,959,1,1 tsp
2877,959,2,1茶匙
2878,960,0,3/4
2879,960,1,3/4
2880,960,2,3/4
2881,961,0,1/4
2882,961,1,1/4
2883,961,2,1/4
2884,962,0,1/2
2885,962,1,1/2
2886,962,2,1/2
2887,963,0,1/4
2888,963,1,1/4
2889,963,2,1/4
2890,964,0,1/4
2891,964,1,1/4
2892,964,2,1/4
2893,965,0,1ダッシュ
2894,965,1,1 dash
2895,965,2,1破折号
2896,966,0,45ml
2897,966,1,45 ml
2898,966,2,45毫升
2899,967,0,20ｍｌ
2900,967,1,20 ml
2901,967,2,20毫升
2902,968,0,適量
2903,968,1,Reasonable amount
2904,968,2,合理的金额
2905,969,0,3/4量
2906,969,1,3/4 amount
2907,969,2,3/4金额
2908,970,0,1/4量
2909,970,1,1/4 amount
2910,970,2,1/4金额
2911,971,0,１ﾀﾞｯｼｭ
2912,971,1,1 dash
2913,971,2,1破折号
2914,972,0,40ml
2915,972,1,40 ml
2916,972,2,40毫升
2917,973,0,20ml
2918,973,1,20 ml
2919,973,2,20毫升
2920,974,0,3/4
2921,974,1,3/4
2922,974,2,3/4
2923,975,0,1/4
2924,975,1,1/4
2925,975,2,1/4
2926,976,0,1ダッシュ
2927,976,1,1 dash
2928,976,2,1破折号
2929,977,0,30ｍｌ
2930,977,1,30 ml
2931,977,2,30毫升
2932,978,0,15ｍｌ
2933,978,1,15 ml
2934,978,2,15毫升
2935,979,0,15ｍｌ
2936,979,1,15 ml
2937,979,2,15毫升
2938,980,0,1個
2939,980,1,1 piece
2940,980,2,1件
2941,981,0,適量
2942,981,1,Reasonable amount
2943,981,2,合理的金额
2944,982,0,40ｍｌ
2945,982,1,40 ml
2946,982,2,40毫升
2947,983,0,20ｍｌ
2948,983,1,20 ml
2949,983,2,20毫升
2950,984,0,適量
2951,984,1,Reasonable amount
2952,984,2,合理的金额
2953,985,0,30ｍｌ
2954,985,1,30 ml
2955,985,2,30毫升
2956,986,0,30ｍｌ
2957,986,1,30 ml
2958,986,2,30毫升
2959,987,0,少量
2960,987,1,A small amount
2961,987,2,少量
2962,988,0,適量
2963,988,1,Reasonable amount
2964,988,2,合理的金额
2965,989,0,適量
2966,989,1,Reasonable amount
2967,989,2,合理的金额
2968,990,0,30ml
2969,990,1,30 ml
2970,990,2,30毫升
2971,991,0,15ml
2972,991,1,15 ml
2973,991,2,15毫升
2974,992,0,"10ml,"
2975,992,1,"10 ml,"
2976,992,2,10毫升，
2977,993,0,5ml
2978,993,1,5 ml
2979,993,2,5毫升
2980,994,0,45ｍｌ
2981,994,1,45 ml
2982,994,2,45毫升
2983,995,0,20ｍｌ
2984,995,1,20 ml
2985,995,2,20毫升
2986,996,0,5ｍｌ
2987,996,1,5 ml
2988,996,2,5毫升
2989,997,0,適量
2990,997,1,Reasonable amount
2991,997,2,合理的金额
2992,998,0,適量
2993,998,1,Reasonable amount
2994,998,2,合理的金额
2995,999,0,30ｍｌ
2996,999,1,30 ml
2997,999,2,30毫升
2998,1000,0,適量
2999,1000,1,Reasonable amount
3000,1000,2,合理的金额
3001,1001,0,45ｍｌ
3002,1001,1,45 ml
3003,1001,2,45毫升
3004,1002,0,20ｍｌ
3005,1002,1,20 ml
3006,1002,2,20毫升
3007,1003,0,15ｍｌ
3008,1003,1,15 ml
3009,1003,2,15毫升
3010,1004,0,5ｇ
3011,1004,1,5 g
3012,1004,2,5克
3013,1005,0,30ml
3014,1005,1,30 ml
3015,1005,2,30毫升
3016,1006,0,適量
3017,1006,1,Reasonable amount
3018,1006,2,合理的金额
3019,1007,0,20ml
3020,1007,1,20 ml
3021,1007,2,20毫升
3022,1008,0,20ml
3023,1008,1,20 ml
3024,1008,2,20毫升
3025,1009,0,15ml
3026,1009,1,15 ml
3027,1009,2,15毫升
3028,1010,0,5ml
3029,1010,1,5 ml
3030,1010,2,5毫升
